Date,Open,High,Low,Close,Volume
2015-08-19,8.7387,8.7387,8.7387,8.7387,6460
2015-08-20,9.3213,9.3213,9.3213,9.3213,10
2015-08-21,9.9524,9.9524,9.9524,9.9524,10
2015-08-24,10.6321,10.6321,10.6321,10.6321,10
2015-08-25,11.3603,11.3603,10.6321,10.6321,1720
2015-08-26,10.6806,10.6806,9.9039,10.6806,360
2015-08-27,10.6806,10.6806,10.6806,10.6806,10
2015-08-28,11.1175,11.1176,11.1175,11.1176,10
2015-08-31,10.3408,11.3603,10.3408,11.1661,80
2015-09-01,10.4379,10.7292,10.3893,10.7292,1240
2015-09-03,10.0495,11.1176,10.001,11.1176,230
2015-09-04,11.1176,11.1176,11.1176,11.1176,0
2015-09-07,10.3408,10.6807,10.3408,10.6806,110
2015-09-08,10.5835,10.6321,10.4864,10.6321,310
2015-09-09,9.9524,9.9524,9.9039,9.9039,150
2015-09-10,9.5641,9.5641,9.2242,9.2242,380
2015-09-11,9.2242,9.8553,8.5931,8.5931,3330
2015-09-14,8.0105,9.1757,8.0105,8.0105,3850
2015-09-15,7.525,8.5445,7.4765,7.6221,1670
2015-09-16,8.1076,8.1076,7.1366,7.1852,10730
2015-09-17,6.9425,7.6707,6.9425,7.6706,1450
2015-09-18,8.1561,8.2046,8.1561,8.1561,3800
2015-09-21,8.0105,8.0105,7.6221,7.9134,1380
2015-09-22,7.9619,8.0105,7.525,7.9619,4150
2015-09-23,8.1075,8.1076,8.1075,8.1076,20
2015-09-24,8.1076,8.1076,8.1076,8.1076,0
2015-09-25,7.6707,7.6707,7.6706,7.6706,220
2015-09-28,7.7677,7.7677,7.6706,7.6706,2180
2015-09-29,7.6221,7.8163,7.6221,7.8163,1050
2015-09-30,7.6707,7.8163,7.6707,7.8163,340
2015-10-01,7.525,7.7678,7.525,7.525,70
2015-10-02,7.5735,7.9619,7.5735,7.9619,20
2015-10-05,7.9619,7.9619,7.9619,7.9619,0
2015-10-06,8.0104,8.0105,8.0104,8.0105,400
2015-10-07,8.3503,8.3503,8.3503,8.3503,20
2015-10-08,8.4959,8.496,8.4959,8.496,10
2015-10-09,7.9134,8.7387,7.9134,8.7387,1130
2015-10-12,8.1561,8.9815,8.1561,8.9815,30
2015-10-13,9.0786,9.0786,9.0786,9.0786,200
2015-10-14,9.0786,9.0786,9.0786,9.0786,0
2015-10-15,9.2242,9.2242,9.2242,9.2242,10
2015-10-16,8.5931,8.5931,8.5931,8.5931,170
2015-10-19,8.0105,8.5931,8.0105,8.496,870
2015-10-20,8.496,8.496,8.496,8.496,0
2015-10-21,8.496,8.496,8.496,8.496,0
2015-10-22,8.8358,8.8358,7.962000000000001,8.0105,4060
2015-10-23,8.0105,8.0105,8.0105,8.0105,0
2015-10-26,8.496,8.5445,8.496,8.5445,60
2015-10-27,8.5445,8.5445,8.5445,8.5445,0
2015-10-28,8.5445,8.5445,8.5445,8.5445,0
2015-10-29,8.5445,8.5445,8.5445,8.5445,0
2015-10-30,8.5445,8.5445,8.5445,8.5445,1000
2015-11-02,8.5445,8.5445,8.5445,8.5445,0
2015-11-03,8.5445,8.5445,8.5445,8.5445,0
2015-11-04,7.9619,8.3018,7.9619,8.3018,20
2015-11-05,7.7678,7.7678,7.7677,7.7677,30
2015-11-06,7.7192,8.2532,7.7192,8.2532,100
2015-11-09,7.7192,8.3503,7.7192,7.7677,30
2015-11-10,7.7192,8.2532,7.7192,8.2532,30
2015-11-11,7.7677,8.2532,7.7677,8.2532,20
2015-11-12,8.2532,8.2532,8.2532,8.2532,10
2015-11-13,7.7677,8.2047,7.7677,7.8163,200
2015-11-16,8.2532,8.3503,7.7192,7.7192,1080
2015-11-17,8.2047,8.2532,8.2047,8.2532,30
2015-11-18,8.2532,8.3018,8.2047,8.3018,180
2015-11-19,8.3018,8.3503,8.3018,8.3503,30
2015-11-20,8.3503,8.496,8.3503,8.496,310
2015-11-23,8.6416,8.6416,8.6416,8.6416,10
2015-11-24,8.496,8.496,8.496,8.496,10
2015-11-25,8.496,8.496,8.496,8.496,0
2015-11-26,8.0105,8.0105,8.0105,8.0105,200
2015-11-27,8.5445,8.5445,8.0105,8.3989,620
2015-11-30,7.9134,8.3989,7.9134,7.9134,40
2015-12-01,8.3018,8.3018,8.3018,8.3018,10
2015-12-02,8.5931,8.5931,8.5931,8.5931,10
2015-12-03,8.5931,8.5931,8.5931,8.5931,0
2015-12-04,8.0591,9.1757,8.0591,8.9329,90
2015-12-07,9.3213,9.3213,8.3503,8.3503,1160
2015-12-08,8.3503,8.3503,8.3503,8.3503,0
2015-12-09,7.8648,8.4474,7.8648,8.4474,1680
2015-12-10,8.2532,8.2532,8.2532,8.2532,1680
2015-12-11,8.2532,8.4474,8.2532,8.4474,510
2015-12-14,8.9329,8.9329,8.9329,8.9329,10
2015-12-15,9.0785,9.0785,8.3503,8.8844,70
2015-12-16,8.3018,8.7388,8.3018,8.7387,20
2015-12-17,9.3213,9.3213,8.3018,9.1756,40
2015-12-18,9.7096,9.7097,9.7096,9.7097,10
2015-12-21,9.7097,9.7097,9.7097,9.7097,0
2015-12-22,9.03,9.03,9.03,9.03,10
2015-12-23,9.03,9.03,9.03,9.03,0
2015-12-24,9.03,9.03,9.03,9.03,0
2015-12-25,8.3989,8.3989,8.3989,8.3989,10
2015-12-28,8.6416,8.6416,8.2532,8.2532,220
2015-12-29,8.7872,8.7873,8.7872,8.7873,10
2015-12-30,8.2047,8.2047,8.2047,8.2047,10
2015-12-31,8.7387,8.7387,8.7387,8.7387,10
2016-01-04,8.8358,8.8358,8.8358,8.8358,10
2016-01-05,8.3503,8.6902,8.3503,8.6902,30
2016-01-06,8.6902,8.6902,8.6902,8.6902,0
2016-01-07,8.8844,8.8844,8.2047,8.2047,20
2016-01-08,8.7387,8.7387,8.7387,8.7387,110
2016-01-11,8.3018,8.3018,8.3018,8.3018,190
2016-01-12,8.3018,8.3018,8.3018,8.3018,0
2016-01-13,8.2533,8.2533,8.2532,8.2532,50
2016-01-14,8.2532,8.2532,8.2532,8.2532,0
2016-01-15,8.7387,8.7387,8.7387,8.7387,20
2016-01-18,8.2532,8.2532,8.2532,8.2532,970
2016-01-19,8.7387,8.7387,8.7387,8.7387,10
2016-01-20,8.7387,8.7387,8.7387,8.7387,0
2016-01-21,8.2047,8.2047,8.1561,8.1561,1100
2016-01-22,8.6901,8.6902,8.6901,8.6902,10
2016-01-25,8.6902,8.6902,8.6902,8.6902,0
2016-01-26,9.2242,9.2242,9.2242,9.2242,10
2016-01-27,9.4669,9.8553,9.4669,9.8553,40
2016-01-28,9.8553,9.8553,9.8553,9.8553,0
2016-01-29,9.4669,9.4669,9.4184,9.4184,2010
2016-02-01,9.1757,9.1757,9.1756,9.1756,100
2016-02-02,9.1756,9.1756,9.1756,9.1756,0
2016-02-03,8.5445,9.2727,8.5445,9.2727,1500
2016-02-04,9.2727,9.2727,9.2727,9.2727,0
2016-02-05,9.2727,9.2727,9.2727,9.2727,0
2016-02-15,9.3212,9.3212,8.7387,8.7387,30
2016-02-16,9.2242,9.2242,9.2242,9.2242,10
2016-02-17,8.5931,8.5931,8.5931,8.5931,20
2016-02-18,8.5931,8.5931,8.5931,8.5931,0
2016-02-19,8.7873,8.7873,8.7873,8.7873,10
2016-02-22,8.8358,8.8358,8.6416,8.6416,60
2016-02-23,8.9329,8.9329,8.9329,8.9329,10
2016-02-24,9.5155,9.5155,8.3503,8.8358,1290
2016-02-25,8.8358,8.8358,8.8358,8.8358,0
2016-02-26,8.8358,8.8358,8.8358,8.8358,0
2016-02-29,8.6416,8.7387,8.496,8.7387,1150
2016-03-01,8.3018,9.2727,8.3018,9.2727,40
2016-03-02,8.6901,8.7387,8.6901,8.7387,360
2016-03-03,9.2727,9.3213,8.9329,8.9329,120
2016-03-04,8.7387,8.9329,8.6902,8.7387,460
2016-03-07,8.9329,8.9329,8.9329,8.9329,10
2016-03-08,8.9329,8.9329,8.9329,8.9329,0
2016-03-09,9.5155,9.5155,9.5155,9.5155,10
2016-03-10,9.5155,9.5155,9.5155,9.5155,0
2016-03-11,8.8844,8.8844,8.8844,8.8844,190
2016-03-14,8.7388,8.8359,8.6417,8.8358,600
2016-03-15,9.4184,9.4184,8.7387,9.1756,70
2016-03-16,9.7096,9.7097,9.7096,9.7097,10
2016-03-17,9.2242,9.9524,9.03,9.9524,2990
2016-03-18,9.9524,10.6321,9.2727,9.3213,4020
2016-03-21,9.2242,9.7097,9.03,9.7097,280
2016-03-22,9.7582,9.7582,9.2242,9.2242,1300
2016-03-23,9.6611,9.6611,9.2242,9.3213,620
2016-03-24,9.6126,9.9039,9.03,9.2242,3130
2016-03-25,9.2727,9.564,9.2727,9.564,190
2016-03-28,9.6125,9.6126,9.6125,9.6126,150
2016-03-29,9.3213,9.3213,9.3213,9.3213,70
2016-03-30,9.4669,9.7097,9.4669,9.7097,170
2016-03-31,9.7097,9.7097,9.2242,9.7097,1920
2016-04-01,9.3213,9.9524,9.3213,9.9524,3810
2016-04-04,9.4184,9.9524,9.4184,9.4184,50
2016-04-05,9.4184,9.4184,9.4184,9.4184,0
2016-04-06,9.4184,9.4184,9.4184,9.4184,0
2016-04-07,9.4184,10.0495,9.4184,10.0495,610
2016-04-08,10.6321,10.6806,10.6321,10.6321,180
2016-04-11,10.9234,11.1176,10.6321,10.6321,2420
2016-04-12,10.2437,10.5836,10.1952,10.535,2460
2016-04-13,10.2923,10.4379,10.1952,10.3894,1530
2016-04-14,10.1952,10.1952,10.1952,10.1952,1000
2016-04-15,10.001,10.4379,9.9525,10.4379,630
2016-04-19,10.001,10.4379,10.001,10.4379,130
2016-04-20,10.6806,10.6806,10.0981,10.4379,180
2016-04-21,9.9524,10.2923,9.8068,10.2923,1610
2016-04-22,10.001,10.3408,9.7097,10.3408,2490
2016-04-25,9.7582,9.7582,9.7582,9.7582,10
2016-04-26,10.3893,10.3893,9.7097,9.7097,240
2016-04-27,10.0981,10.0981,9.7582,9.8068,330
2016-04-28,9.2728,9.2728,9.2727,9.2727,200
2016-04-29,9.2727,9.9038,9.2242,9.2242,280
2016-05-04,9.8553,9.8553,8.9329,8.9815,150
2016-05-05,8.9815,9.5641,8.9815,9.03,190
2016-05-06,9.4669,9.4669,9.03,9.03,60
2016-05-09,9.03,9.03,8.9815,8.9815,3620
2016-05-10,9.5155,9.5155,8.4474,8.4474,3060
2016-05-11,8.7872,8.9815,8.7387,8.9815,4370
2016-05-12,8.9815,8.9815,8.933,8.9815,580
2016-05-13,9.0786,9.0786,9.0786,9.0786,100
2016-05-16,8.5931,9.5641,8.5446,8.7387,540
2016-05-17,8.7387,9.2727,8.7387,9.2727,30
2016-05-18,9.6611,9.6611,9.6611,9.6611,70
2016-05-19,9.6611,9.6611,9.6611,9.6611,0
2016-05-20,9.9524,9.9524,9.9524,9.9524,10
2016-05-23,10.097999999999999,10.0981,9.9524,10.0981,700
2016-05-24,9.4184,10.2923,9.4184,9.6126,50
2016-05-25,9.7582,10.2437,9.2242,10.1952,1480
2016-05-26,9.5155,10.8749,9.5155,10.8263,3370
2016-05-27,10.8748,10.8748,10.8263,10.8263,1860
2016-05-30,10.8748,10.8748,10.1952,10.1952,130
2016-05-31,10.1952,10.1952,10.1952,10.1952,70
2016-06-01,9.7097,10.2923,9.7097,10.2923,30
2016-06-02,9.7097,10.2923,9.6126,10.2923,920
2016-06-03,9.7097,9.7097,9.7097,9.7097,30
2016-06-06,10.3894,10.3894,9.2727,9.2727,60
2016-06-07,9.9038,9.9039,9.9038,9.9039,170
2016-06-08,9.3213,10.1952,9.3213,10.1952,2210
2016-06-09,10.6321,10.6321,10.6321,10.6321,30
2016-06-10,10.6321,10.6321,10.6321,10.6321,30
2016-06-13,9.9524,10.6321,9.9524,10.6321,1010
2016-06-14,10.6321,10.6321,10.6321,10.6321,0
2016-06-15,10.6321,10.6321,10.6321,10.6321,10
2016-06-16,9.9524,10.6321,9.9524,10.6321,1210
2016-06-17,10.6321,10.8748,10.6321,10.8748,3000
2016-06-20,10.6806,11.1661,10.6806,10.6806,2040
2016-06-21,11.1661,11.4088,10.9233,10.9234,1900
2016-06-22,11.3118,11.3118,11.1661,11.1661,320
2016-06-23,11.1661,11.1661,11.1661,11.1661,0
2016-06-24,10.4864,11.1176,10.3893,10.9234,7480
2016-06-27,10.2923,11.3118,10.2923,11.3118,50
2016-06-28,11.8458,11.8458,11.3118,11.3118,20
2016-06-29,10.6321,11.3118,10.6321,11.3118,1010
2016-06-30,12.04,12.0886,11.1662,11.3118,1230
2016-07-01,11.3118,12.0886,11.3118,12.0886,4150
2016-07-04,12.7683,12.9139,12.2342,12.9139,6110
2016-07-05,13.7878,13.7878,13.7877,13.7877,2080
2016-07-06,14.7101,14.7102,14.5159,14.7102,10580
2016-07-07,15.7297,15.7297,13.6907,15.4869,3870
2016-07-08,14.613,14.613,14.4188,14.4189,8450
2016-07-11,14.3704,15.05,13.4479,14.079,1540
2016-07-12,13.5935,14.5645,13.3508,13.3508,2190
2016-07-13,14.2732,14.2732,14.2732,14.2732,11250
2016-07-14,14.8558,14.8558,13.4479,13.4479,1940
2016-07-15,14.1281,14.3374,13.0814,13.0814,1860
2016-07-18,13.9709,13.9709,13.9709,13.9709,10
2016-07-19,13.3953,14.2849,13.3953,14.2849,20
2016-07-20,14.0756,14.0756,14.0755,14.0755,100
2016-07-21,14.0755,14.0755,14.0755,14.0755,10
2016-07-22,14.0755,14.0755,14.0755,14.0755,100
2016-07-25,13.1336,14.3372,13.1336,14.3372,3750
2016-07-26,14.6512,14.6512,13.3953,14.3895,1010
2016-07-27,14.5988,14.5988,13.3953,13.3953,3980
2016-07-28,12.7151,14.0755,12.7151,14.0755,110
2016-07-29,13.1336,13.9709,13.1336,13.9709,1510
2016-08-01,14.1802,14.2849,13.029000000000002,13.8139,3620
2016-08-02,13.9709,13.9709,13.9709,13.9709,10
2016-08-03,13.9709,13.9709,13.9709,13.9709,0
2016-08-04,13.6046,14.0232,13.6046,14.0232,310
2016-08-05,13.8662,13.8662,13.0813,13.0814,4050
2016-08-08,13.1337,13.1337,13.0814,13.0814,850
2016-08-09,13.0814,13.0814,12.5581,13.0814,720
2016-08-10,12.5581,13.7616,12.5581,13.2907,930
2016-08-11,12.5581,13.0291,12.4012,13.029000000000002,3410
2016-08-12,13.343,13.343,13.343,13.343,460
2016-08-15,13.0814,14.0232,13.0814,14.0232,6950
2016-08-16,13.0813,13.8662,13.0813,13.8139,1320
2016-08-17,13.6046,13.6569,13.6046,13.6569,500
2016-08-18,13.6569,13.6569,13.1336,13.1337,310
2016-08-19,13.7093,13.7093,13.1337,13.5,1080
2016-08-22,13.343,13.343,13.343,13.343,1350
2016-08-23,12.8197,12.8197,12.8197,12.8197,320
2016-08-24,13.4999,13.4999,13.343,13.343,510
2016-08-25,13.343,13.343,13.186,13.186,570
2016-08-26,13.5523,13.5523,12.9244,12.9244,1600
2016-08-29,13.3953,13.3953,13.3953,13.3953,10
2016-08-30,13.343,13.343,13.343,13.343,40
2016-08-31,13.5523,13.5523,13.343,13.343,1110
2016-09-01,13.343,13.343,12.4535,12.4535,5380
2016-09-05,12.5582,13.0291,12.5582,13.029000000000002,580
2016-09-06,13.029000000000002,13.029000000000002,13.029000000000002,13.029000000000002,0
2016-09-07,13.3953,13.6569,13.029000000000002,13.6569,4580
2016-09-08,13.6046,13.6046,12.715,12.7151,12400
2016-09-09,12.7151,13.1337,11.9302,13.1337,5880
2016-09-12,13.1337,13.1337,13.1337,13.1337,0
2016-09-13,13.1337,13.1337,13.1337,13.1337,0
2016-09-14,12.2442,12.2442,12.2442,12.2442,820
2016-09-15,12.6105,12.9244,12.6105,12.8982,420
2016-09-16,12.8982,12.8982,12.8982,12.8982,0
2016-09-19,13.029000000000002,13.029000000000002,12.3488,12.9244,100
2016-09-20,12.9244,12.9244,12.9244,12.9244,0
2016-09-21,12.8197,12.8197,12.8197,12.8197,60
2016-09-22,12.3488,12.3488,12.3488,12.3488,1200
2016-09-23,12.3488,12.7674,12.3488,12.7674,1180
2016-09-26,12.7674,12.7674,12.7674,12.7674,360
2016-09-27,12.3488,12.3488,12.3488,12.3488,890
2016-09-28,12.4011,12.4011,12.4011,12.4011,170
2016-09-29,12.4011,12.4011,12.4011,12.4011,0
2016-09-30,12.0348,12.0349,12.0348,12.0349,1000
2016-10-03,12.0349,12.0349,12.0349,12.0349,0
2016-10-04,12.1396,12.2442,12.1396,12.2442,200
2016-10-05,12.7675,12.9244,12.7675,12.9244,60
2016-10-06,12.9244,12.9244,12.9244,12.9244,0
2016-10-07,12.7674,12.7674,12.7674,12.7674,30
2016-10-10,12.7674,12.7674,12.7674,12.7674,0
2016-10-11,12.8197,12.8197,12.8197,12.8197,100
2016-10-12,12.715,13.7092,12.715,13.6831,4000
2016-10-13,13.6831,14.2325,12.7674,13.5785,1310
2016-10-14,12.8198,13.1861,12.8198,13.186,320
2016-10-17,13.186,13.186,13.1337,13.1337,900
2016-10-18,14.0494,14.0494,14.0232,14.0494,23450
2016-10-19,15.0174,15.0174,15.0174,15.0174,4880
2016-10-20,16.0639,16.0639,16.0116,16.0639,49270
2016-10-21,17.1104,17.1104,16.1162,16.2209,21100
2016-10-24,17.0058,17.0058,16.1686,16.6395,5090
2016-10-25,16.6918,16.6918,15.4883,16.2209,19260
2016-10-26,15.75,15.75,15.0959,15.593,14380
2016-10-27,15.593,15.6977,15.5407,15.5407,8960
2016-10-28,15.7606,15.7606,14.7343,15.5302,7610
2016-10-31,14.468,15.5302,14.468,15.2005,3070
2016-11-01,14.2116,15.3104,14.1383,15.2372,4370
2016-11-02,15.3837,15.3837,15.3104,15.3104,210
2016-11-03,15.3837,15.3837,14.2482,15.0174,13100
2016-11-04,14.0651,14.6511,13.9918,13.9918,2140
2016-11-07,13.186,13.8453,13.0395,13.7721,4440
2016-11-08,13.1861,14.3581,13.1861,14.3581,740
2016-11-09,14.2848,14.6511,14.2848,14.6511,4290
2016-11-10,14.9441,15.2371,13.6988,14.9442,16330
2016-11-11,15.3105,15.3105,15.3104,15.3104,10
2016-11-14,15.3837,15.3837,14.2848,15.3104,170
2016-11-15,14.4313,15.3837,14.4313,15.3837,110
2016-11-16,15.3837,15.3837,15.3104,15.3837,6010
2016-11-17,14.6511,15.3471,14.6511,15.3471,710
2016-11-18,15.3105,15.3471,15.3105,15.3471,5000
2016-11-21,15.2372,15.2372,14.3215,15.2372,330
2016-11-22,15.2372,15.2372,14.2849,15.2372,50
2016-11-23,15.3105,15.3105,15.0907,15.1639,2490
2016-11-24,15.0174,15.0174,14.8709,14.8709,260
2016-11-25,13.9552,15.3104,13.9186,13.9186,2010
2016-11-28,14.5046,14.5046,12.9662,12.9662,2330
2016-11-29,13.5522,13.8086,12.9662,13.0395,2330
2016-11-30,13.8453,13.8453,12.6732,13.186,2180
2016-12-01,14.0651,14.0651,12.4534,12.6,930
2016-12-02,12.8198,13.4791,12.8198,13.479000000000001,30
2016-12-05,14.398,14.398,13.9385,13.9392,1270
2016-12-06,14.8583,14.8583,13.1733,13.1733,520
2016-12-07,13.786,13.786,13.2499,13.4796,1420
2016-12-08,13.402999999999999,13.8626,13.1732,13.8626,4830
2016-12-09,14.0158,14.0158,14.0157,14.0157,10
2016-12-12,14.7816,14.7816,13.1732,14.5519,160
2016-12-13,15.5476,15.5476,13.5562,15.2412,2210
2016-12-14,15.2412,15.2412,14.2072,15.0114,8920
2016-12-15,13.9775,14.5519,13.9775,13.9775,7940
2016-12-16,14.4753,14.9349,13.2499,14.3987,10840
2016-12-19,14.3987,14.3987,13.402999999999999,14.3221,11060
2016-12-20,14.3221,14.3221,13.3264,13.6328,8420
2016-12-21,14.4753,14.4753,12.7137,14.3221,520
2016-12-22,14.1689,14.3221,13.4796,14.0923,5550
2016-12-23,13.8625,13.9774,13.3264,13.3264,7660
2016-12-26,13.8625,13.8626,13.7859,13.8626,5020
2016-12-27,14.0924,14.0924,13.2499,13.8626,2570
2016-12-28,13.8626,13.8626,13.8626,13.8626,0
2016-12-29,14.2455,14.2455,13.786,13.786,60
2016-12-30,13.786,13.786,13.786,13.786,0
2017-01-03,14.1689,14.1689,14.1689,14.1689,10
2017-01-04,14.0923,14.0923,13.8243,13.8243,3310
2017-01-05,13.8243,14.169,13.8243,14.0923,3340
2017-01-06,13.8625,14.1689,13.8625,14.1689,20
2017-01-09,14.5518,14.5518,14.0923,14.0923,3130
2017-01-10,13.7859,14.0923,13.7859,14.0923,3110
2017-01-11,14.9348,14.9348,14.1689,14.1689,3020
2017-01-12,14.6284,14.9348,14.6284,14.9348,4500
2017-01-13,14.9348,14.9348,14.8582,14.8582,3100
2017-01-16,14.8582,14.8582,14.8582,14.8582,3050
2017-01-17,14.8582,15.3178,14.1689,15.3178,3240
2017-01-18,14.6285,14.6285,14.5519,14.5519,400
2017-01-19,14.9348,14.9348,14.9348,14.9348,200
2017-01-20,14.3221,14.9348,14.1689,14.9348,5210
2017-01-23,15.9305,15.9305,14.9348,15.7007,4110
2017-01-24,15.7007,15.7007,14.6285,15.7007,1860
2017-01-25,15.6241,16.4666,15.6241,15.739,4510
2017-02-02,16.6964,16.6964,16.6964,16.6964,10
2017-02-03,16.2369,16.8496,15.7773,15.7773,120
2017-02-06,15.7773,15.9305,15.7773,15.9305,4990
2017-02-07,15.9305,15.9305,15.3178,15.8539,150
2017-02-08,15.9305,15.9305,15.7773,15.7773,630
2017-02-09,15.5475,16.5432,15.4709,16.5432,2310
2017-02-10,16.5432,16.5432,16.5432,16.5432,10
2017-02-13,16.8496,16.8496,16.39,16.39,20
2017-02-14,15.7007,16.6198,15.7007,16.6198,170
2017-02-15,16.6198,16.773,16.6198,16.6198,3850
2017-02-16,16.0071,16.6198,16.0071,16.6198,5100
2017-02-17,16.6198,16.773,15.7007,15.9305,8970
2017-02-20,16.39,16.6198,16.39,16.6198,5310
2017-02-21,16.4666,16.773,16.4666,16.6198,1990
2017-02-22,16.6198,16.6198,16.6198,16.6198,4130
2017-02-23,16.7347,16.7347,16.6198,16.6198,4510
2017-02-24,16.6198,16.6964,16.6198,16.6198,1530
2017-02-27,16.6198,16.6198,16.6198,16.6198,0
2017-02-28,16.6198,16.6964,16.6198,16.6198,3750
2017-03-01,16.0837,16.0837,15.5093,16.0836,2260
2017-03-02,16.0836,16.0836,16.0836,16.0836,500
2017-03-03,16.0836,16.0836,16.0836,16.0836,730
2017-03-06,16.0836,16.0836,15.739,15.739,4020
2017-03-07,15.739,15.739,15.739,15.739,0
2017-03-08,15.7007,16.0836,15.7007,16.0836,4200
2017-03-09,16.0836,16.0836,16.0836,16.0836,60
2017-03-10,16.0836,16.0836,16.0836,16.0836,4050
2017-03-13,16.0836,16.6964,16.0836,16.6964,2060
2017-03-14,16.6964,16.6964,16.6964,16.6964,0
2017-03-15,16.6964,16.6964,16.6964,16.6964,0
2017-03-16,16.6964,16.6964,16.6964,16.6964,0
2017-03-17,16.5432,16.6198,16.5049,16.6198,1040
2017-03-20,16.4283,16.4283,16.39,16.39,970
2017-03-21,16.39,16.4666,15.3178,16.4666,150
2017-03-22,16.0837,16.0837,16.0836,16.0836,4050
2017-03-23,16.0836,16.0836,15.3177,15.3178,5040
2017-03-24,14.7817,15.3178,14.7817,15.088,920
2017-03-27,14.6668,15.3178,14.6668,15.3178,810
2017-03-28,14.8583,15.3178,14.8583,15.3178,520
2017-03-29,15.7007,15.7007,15.7007,15.7007,10
2017-03-30,14.7816,14.9348,14.7816,14.9348,210
2017-03-31,15.4709,15.7007,15.4709,15.7007,11900
2017-04-03,15.3178,15.3178,14.9348,15.3178,2910
2017-04-04,15.3178,15.3178,15.3178,15.3178,10
2017-04-05,15.088,15.3178,15.088,15.3178,210
2017-04-07,14.7817,16.0071,14.7817,15.3178,370
2017-04-10,15.3178,15.6625,15.3178,15.5475,1100
2017-04-11,15.0114,15.3178,15.0114,15.3178,510
2017-04-12,15.5093,15.5093,14.6668,15.1646,740
2017-04-13,15.3178,15.4327,14.9348,15.3178,730
2017-04-14,15.1646,15.470999999999998,15.1646,15.4709,210
2017-04-17,14.5518,15.3178,14.4752,15.3178,1920
2017-04-18,15.3178,15.3178,15.3178,15.3178,120
2017-04-19,15.3178,15.3178,14.9348,14.9348,1650
2017-04-20,15.0114,15.3178,14.9348,15.3178,1770
2017-04-21,14.9349,14.9349,14.9348,14.9348,2000
2017-04-24,15.2412,15.5475,15.2412,15.5475,420
2017-04-25,15.6241,15.6241,15.6241,15.6241,10
2017-04-26,15.6241,15.6241,15.6241,15.6241,0
2017-04-27,15.3177,15.3178,14.9348,15.3178,1060
2017-04-28,14.9349,15.3178,14.9349,15.3178,2060
2017-05-03,15.0114,15.2412,15.0114,15.2412,1010
2017-05-04,15.088,15.3178,15.088,15.3178,30
2017-05-05,15.3178,16.0837,15.088,15.3178,1870
2017-05-08,16.0071,16.0071,15.088,16.0071,60
2017-05-09,15.088,16.0837,15.088,16.0836,510
2017-05-10,15.0879,16.0836,15.0879,16.0836,740
2017-05-11,16.0836,16.0836,16.0836,16.0836,0
2017-05-12,15.0879,16.0836,15.0879,16.0836,150
2017-05-15,16.0836,16.0836,16.0836,16.0836,100
2017-05-16,16.0836,16.0836,16.0836,16.0836,0
2017-05-17,15.0879,15.088,15.0879,15.088,20
2017-05-18,16.0837,16.0837,16.0836,16.0836,10
2017-05-19,15.7007,16.0453,15.7007,16.0453,30
2017-05-22,16.0836,16.0836,16.0836,16.0836,10
2017-05-23,16.0836,16.0836,16.0836,16.0836,30
2017-05-24,15.3177,16.0453,14.9731,16.0453,1320
2017-05-25,14.9348,16.0453,14.9348,16.0453,2730
2017-05-26,15.7007,15.7007,14.9348,15.7007,260
2017-05-29,15.7007,15.7007,15.7007,15.7007,0
2017-05-30,15.3178,15.3178,14.9348,15.3178,1160
2017-05-31,15.4765,16.0325,15.4765,16.0325,1460
2017-06-01,16.0325,16.0325,16.0325,16.0325,0
2017-06-02,15.8738,15.8738,15.0801,15.4769,1190
2017-06-05,15.8341,15.8341,15.8341,15.8341,10
2017-06-06,15.8341,15.8341,15.8341,15.8341,0
2017-06-07,15.8341,15.8341,15.8341,15.8341,20
2017-06-08,15.1595,15.8341,15.1595,15.8341,400
2017-06-09,15.1595,15.7944,15.1595,15.7944,220
2017-06-12,15.7944,15.7944,15.7944,15.7944,0
2017-06-13,15.0801,15.6357,15.0801,15.6357,60
2017-06-14,14.722999999999999,15.7548,14.722999999999999,15.7547,60
2017-06-15,15.8738,15.8738,15.8738,15.8738,300
2017-06-16,15.8738,15.8738,15.8738,15.8738,0
2017-06-19,14.842,15.9532,14.842,15.0801,180
2017-06-20,15.5563,15.5563,14.3658,14.3658,1250
2017-06-21,15.1595,15.1595,15.1595,15.1595,10
2017-06-22,15.0801,15.7945,15.0801,15.7944,1080
2017-06-23,15.7944,15.7944,15.7944,15.7944,0
2017-06-26,15.7944,15.7944,15.7944,15.7944,0
2017-06-27,15.7944,15.7944,15.7944,15.7944,0
2017-06-28,15.715,15.7151,15.715,15.7151,30
2017-06-29,15.6357,15.7151,15.0801,15.7151,1400
2017-06-30,15.7945,15.9532,15.7151,15.7151,4420
2017-07-03,15.7151,15.9532,14.842,15.9532,360
2017-07-04,16.1913,16.5088,15.1595,16.5087,2530
2017-07-05,16.1912,16.1912,15.8737,15.9532,480
2017-07-06,15.9532,16.5088,15.9532,16.5087,3760
2017-07-07,16.5087,17.1834,16.2706,17.1834,7730
2017-07-10,17.4612,17.858,16.2707,17.3024,170
2017-07-11,17.858,17.858,17.858,17.858,10
2017-07-12,17.858,18.2548,17.858,17.858,70
2017-07-13,17.4612,17.4612,17.4612,17.4612,10
2017-07-14,17.4612,17.4612,17.4612,17.4612,0
2017-07-17,17.4612,17.4612,17.4612,17.4612,0
2017-07-18,17.0644,17.4612,16.2707,17.3818,4970
2017-07-19,17.3818,17.3818,17.3818,17.3818,0
2017-07-20,17.3818,17.3818,17.3818,17.3818,0
2017-07-21,16.1913,16.1913,16.1913,16.1913,40
2017-07-24,16.7469,16.7469,15.0801,15.0801,20
2017-07-25,16.0722,16.0722,16.0722,16.0722,20
2017-07-26,16.6675,16.6675,16.0722,16.6675,2330
2017-07-27,15.5563,16.6675,15.5563,16.6675,2020
2017-07-28,15.7151,17.2231,15.7151,17.1834,3640
2017-07-31,17.1834,17.1834,17.1834,17.1834,0
2017-08-01,15.9929,15.9929,15.9928,15.9928,1010
2017-08-02,15.0801,15.9928,15.0801,15.9928,310
2017-08-03,16.0325,16.2706,16.0325,16.2706,710
2017-08-04,16.2706,16.2706,16.2706,16.2706,0
2017-08-07,16.2706,16.2706,16.2706,16.2706,0
2017-08-08,15.8738,16.1912,15.8738,15.8738,3720
2017-08-09,15.8738,15.8738,15.8738,15.8738,2290
2017-08-10,15.9532,15.9532,15.8738,15.8738,1840
2017-08-11,15.7944,15.7944,15.5563,15.5563,500
2017-08-14,15.5563,15.5563,15.4769,15.4769,3440
2017-08-15,15.4769,15.4769,15.4769,15.4769,1170
2017-08-16,15.8737,15.8738,15.8737,15.8738,10
2017-08-17,15.8738,15.8738,15.8738,15.8738,0
2017-08-18,15.8738,15.8738,15.8738,15.8738,0
2017-08-21,15.8738,15.8738,15.8738,15.8738,0
2017-08-22,15.8738,15.8738,15.8738,15.8738,0
2017-08-23,15.8738,15.8738,15.8738,15.8738,0
2017-08-24,15.8738,15.8738,15.8738,15.8738,0
2017-08-25,15.8738,15.8738,15.8738,15.8738,0
2017-08-28,15.8738,15.8738,15.8738,15.8738,0
2017-08-29,15.8738,15.8738,15.8738,15.8738,100
2017-08-30,15.8738,15.8738,15.8738,15.8738,0
2017-08-31,15.8738,15.8738,15.8738,15.8738,600
2017-09-01,15.8738,15.8738,15.8738,15.8738,0
2017-09-05,15.8738,15.8738,15.8738,15.8738,0
2017-09-06,15.8738,15.8738,15.8738,15.8738,0
2017-09-07,15.8738,15.8738,15.8738,15.8738,0
2017-09-08,15.8738,15.8738,15.8738,15.8738,0
2017-09-11,14.842,14.842,14.842,14.842,1560
2017-09-12,14.842,14.842,14.842,14.842,30
2017-09-13,14.842,14.842,14.842,14.842,0
2017-09-14,15.477,15.477,15.4769,15.4769,10
2017-09-15,15.4769,15.4769,15.4769,15.4769,0
2017-09-18,14.6832,15.7944,14.6832,15.7944,600
2017-09-19,15.7944,15.7944,15.7944,15.7944,0
2017-09-20,15.7944,15.7944,15.7944,15.7944,0
2017-09-21,15.7944,15.7944,15.7944,15.7944,2000
2017-09-22,15.7944,16.0325,15.7944,16.0325,1980
2017-09-25,16.0325,16.0325,16.0325,16.0325,13560
2017-09-26,15.8738,15.8738,15.8738,15.8738,11000
2017-09-27,15.8738,15.8738,15.8738,15.8738,0
2017-09-28,15.8738,15.8738,15.8738,15.8738,0
2017-09-29,15.477,15.477,15.4769,15.4769,40
2017-10-02,15.4769,15.4769,15.4769,15.4769,0
2017-10-03,15.4769,15.4769,15.4769,15.4769,0
2017-10-04,15.4769,15.4769,15.4769,15.4769,0
2017-10-05,15.8737,15.8738,15.8737,15.8738,10
2017-10-06,15.8738,15.8738,15.8738,15.8738,0
2017-10-09,15.8738,15.8738,15.8738,15.8738,0
2017-10-10,15.8738,15.8738,15.8738,15.8738,0
2017-10-11,15.8738,15.8738,15.8738,15.8738,0
2017-10-12,15.8738,15.8738,15.8738,15.8738,0
2017-10-13,15.8738,15.8738,15.8738,15.8738,0
2017-10-16,15.8738,15.8738,15.8738,15.8738,0
2017-10-17,15.8738,15.8738,15.8738,15.8738,0
2017-10-18,15.8738,15.8738,15.8738,15.8738,0
2017-10-19,15.8738,15.8738,15.8738,15.8738,0
2017-10-20,15.8738,15.8738,15.8738,15.8738,0
2017-10-23,15.8738,15.8738,15.8738,15.8738,0
2017-10-24,15.8738,15.8738,15.8738,15.8738,0
2017-10-25,15.8738,15.8738,15.8738,15.8738,0
2017-10-26,15.8738,15.8738,15.8738,15.8738,0
2017-10-27,15.8738,15.8738,15.8738,15.8738,0
2017-10-30,15.8738,15.8738,15.8738,15.8738,0
2017-10-31,15.8738,15.8738,15.8738,15.8738,0
2017-11-01,15.0801,15.0801,14.7626,14.7626,750
2017-11-02,14.7626,14.7626,14.7626,14.7626,500
2017-11-03,14.7626,14.7626,14.7626,14.7626,0
2017-11-06,14.7626,14.7626,14.7626,14.7626,0
2017-11-07,14.7626,14.7626,14.7626,14.7626,0
2017-11-08,14.7626,14.7626,14.7626,14.7626,0
2017-11-09,14.7626,14.7626,14.7626,14.7626,0
2017-11-10,14.7626,14.7626,14.7626,14.7626,0
2017-11-13,14.7626,14.7626,14.7626,14.7626,0
2017-11-14,15.595999999999998,15.595999999999998,15.595999999999998,15.595999999999998,10
2017-11-15,15.595999999999998,15.595999999999998,15.595999999999998,15.595999999999998,2000
2017-11-16,14.6436,14.6436,14.6436,14.6436,10
2017-11-17,15.595,15.6388,15.595,15.6388,10
2017-11-20,15.6388,16.1366,15.6388,15.6388,1670
2017-11-21,15.6388,15.6388,15.6388,15.6388,1020
2017-11-22,15.7632,15.7632,14.9336,15.3484,580
2017-11-23,15.5973,15.5973,15.5973,15.5973,10
2017-11-24,15.5973,15.5973,15.5973,15.5973,0
2017-11-27,16.1366,16.1366,16.1366,16.1366,10
2017-11-28,16.1366,16.1366,16.1366,16.1366,30
2017-11-29,16.1781,16.1781,16.1781,16.1781,10
2017-11-30,15.0996,15.0996,15.0995,15.0995,1620
2017-12-01,14.6432,14.6432,14.6017,14.6017,230
2017-12-04,14.6017,14.6017,14.6017,14.6017,170
2017-12-05,14.6017,15.3484,13.6061,15.3484,1640
2017-12-06,15.3484,16.344,14.3528,15.7217,150
2017-12-07,15.7632,15.7632,15.7632,15.7632,10
2017-12-08,15.4313,16.1365,15.4313,16.0121,1040
2017-12-11,16.1365,16.1366,16.1365,16.1366,10
2017-12-12,16.4685,16.4685,16.4684,16.4684,10
2017-12-13,15.3484,15.6388,15.3484,15.6388,330
2017-12-14,15.6388,15.6388,15.6388,15.6388,0
2017-12-15,14.6017,16.1366,14.6017,16.1366,520
2017-12-18,16.5514,16.5514,16.5514,16.5514,10
2017-12-19,17.0077,17.0077,16.5929,16.5929,1110
2017-12-20,16.9662,16.9662,15.4314,15.4314,2690
2017-12-21,14.5603,14.5603,14.5602,14.5602,10
2017-12-22,14.5602,14.5602,14.5602,14.5602,0
2017-12-25,15.5143,15.5143,14.9335,14.9336,340
2017-12-26,14.8506,14.8506,14.8506,14.8506,20
2017-12-27,14.8921,14.8921,14.8506,14.8921,830
2017-12-28,14.8921,14.8921,14.8921,14.8921,0
2017-12-29,14.1869,15.7632,14.1039,15.7632,2010
2018-01-02,16.5928,16.8417,15.7632,15.7632,110
2018-01-03,16.178,16.1781,16.178,16.1781,20
2018-01-04,15.0581,15.0581,15.058,15.058,1010
2018-01-05,15.058,15.058,15.058,15.058,30
2018-01-08,15.058,15.058,15.058,15.058,20
2018-01-09,15.0995,15.0995,14.2698,14.2699,3500
2018-01-10,13.6891,13.6891,13.6891,13.6891,1250
2018-01-11,14.5602,14.5602,14.5602,14.5602,10
2018-01-12,13.9795,14.5602,13.772,14.5602,3440
2018-01-15,14.5187,14.5188,13.772,14.5188,1060
2018-01-16,14.5188,14.5188,14.104000000000001,14.5188,1620
2018-01-17,14.5188,15.4729,14.5188,15.4729,130
2018-01-18,14.3944,14.6018,14.3944,14.6017,1000
2018-01-19,14.1039,14.1039,14.1039,14.1039,10
2018-01-22,14.1039,14.1039,14.1039,14.1039,0
2018-01-25,14.1039,14.1039,14.1039,14.1039,0
2018-01-26,14.1454,14.9336,14.1039,14.9336,280
2018-01-29,14.9336,14.9336,14.9336,14.9336,0
2018-01-30,14.1869,14.9336,14.1869,14.9336,20
2018-01-31,14.9336,14.9336,14.9336,14.9336,0
2018-02-01,14.1454,14.1454,14.1454,14.1454,300
2018-02-02,14.1454,14.6017,13.1913,14.6017,250
2018-02-05,13.7306,14.6017,13.7306,14.6017,1010
2018-02-06,13.6061,15.5973,13.6061,15.5973,110
2018-02-07,14.5188,14.5188,14.5188,14.5188,500
2018-02-08,14.8092,14.9336,13.5232,14.9336,1430
2018-02-09,13.8965,14.5603,13.8965,14.5602,1030
2018-02-12,14.5602,14.5602,14.5602,14.5602,0
2018-02-13,14.5602,14.5602,14.5602,14.5602,0
2018-02-21,13.7306,13.7306,13.7306,13.7306,10
2018-02-22,13.7306,13.7306,13.7306,13.7306,0
2018-02-23,13.8136,14.6432,13.8136,14.6432,20
2018-02-26,13.855,14.6017,13.855,14.6017,20
2018-02-27,13.9795,13.9795,13.9795,13.9795,40
2018-02-28,13.9795,13.9795,13.8965,13.8965,750
2018-03-01,13.5646,14.1039,13.5646,14.1039,20
2018-03-02,14.1039,14.1039,14.1039,14.1039,10
2018-03-05,14.1039,14.8091,14.1039,14.8091,100
2018-03-06,14.7676,14.7677,14.7676,14.7677,20
2018-03-07,14.104000000000001,14.104000000000001,14.1039,14.1039,10
2018-03-08,14.1039,14.1039,14.1039,14.1039,0
2018-03-09,14.1039,14.6017,14.1039,14.5602,3050
2018-03-12,14.5602,14.5602,14.5602,14.5602,0
2018-03-13,14.1869,14.1869,14.1869,14.1869,860
2018-03-14,14.4358,14.4358,14.4358,14.4358,20
2018-03-15,14.4358,14.4358,14.4358,14.4358,0
2018-03-16,14.4358,14.4358,14.4358,14.4358,0
2018-03-19,14.4358,14.4358,14.4358,14.4358,0
2018-03-20,14.4358,14.4358,14.4358,14.4358,0
2018-03-21,14.2284,14.2284,14.1039,14.1039,40
2018-03-22,14.1039,14.1039,14.1039,14.1039,10
2018-03-23,13.937999999999999,13.937999999999999,13.6891,13.6891,1300
2018-03-26,14.0624,14.0625,14.0624,14.0625,10
2018-03-27,14.0625,14.0625,14.0625,14.0625,0
2018-03-28,14.0625,14.104000000000001,13.2743,13.2743,30
2018-03-29,13.2743,13.2743,13.2743,13.2743,0
2018-03-30,14.1039,14.1869,14.1039,14.1869,140
2018-04-02,14.4358,14.4358,14.1039,14.1039,500
2018-04-03,13.5232,13.5232,13.5232,13.5232,540
2018-04-04,13.5232,13.5232,13.5232,13.5232,0
2018-04-05,13.5232,13.6891,13.5232,13.6891,1870
2018-04-06,12.735,14.1454,12.735,14.1454,20
2018-04-09,13.2743,14.1039,13.2743,14.1039,20
2018-04-10,13.6891,13.6891,13.6891,13.6891,30
2018-04-11,14.0624,14.0625,14.0624,14.0625,10
2018-04-12,13.2743,13.8136,13.2743,13.8136,110
2018-04-13,12.8595,14.0625,12.8595,13.855,1980
2018-04-16,12.9009,14.0625,12.9009,14.0625,3000
2018-04-17,14.0625,14.0625,14.0625,14.0625,0
2018-04-18,13.1084,13.9795,13.1084,13.9795,320
2018-04-19,14.020999999999999,14.020999999999999,13.0254,13.0254,2760
2018-04-20,13.8965,13.8965,13.8965,13.8965,10
2018-04-23,13.8965,13.8965,13.8965,13.8965,0
2018-04-24,13.8965,13.8965,13.8965,13.8965,20
2018-04-26,13.8965,13.8965,13.8965,13.8965,0
2018-04-27,13.8965,13.8965,13.8965,13.8965,0
2018-05-02,13.8965,13.8965,13.8965,13.8965,0
2018-05-03,13.8965,13.8965,13.8965,13.8965,0
2018-05-04,13.8965,13.8965,13.8965,13.8965,0
2018-05-07,13.8965,13.8965,13.8965,13.8965,0
2018-05-08,12.9424,13.8965,12.9424,13.8965,510
2018-05-09,13.8965,13.8965,13.8965,13.8965,0
2018-05-10,13.8965,13.8965,13.8965,13.8965,0
2018-05-11,12.9424,13.8136,12.9424,13.8136,1370
2018-05-14,13.8136,13.8136,13.8136,13.8136,0
2018-05-15,13.8136,13.8136,13.8136,13.8136,0
2018-05-16,12.901,12.901,12.901,12.901,300
2018-05-17,12.901,12.901,12.0298,12.0298,3390
2018-05-18,11.6565,12.818,11.2831,12.818,1030
2018-05-21,12.818,12.818,12.818,12.818,1000
2018-05-22,11.9469,11.9469,11.9469,11.9469,10
2018-05-23,12.6936,12.6936,12.6935,12.6935,10
2018-05-24,12.6935,12.6935,12.6935,12.6935,0
2018-05-25,12.8179,12.818,12.8179,12.818,10
2018-05-28,12.818,12.818,12.818,12.818,0
2018-05-29,11.9469,12.4032,11.9469,12.4032,310
2018-05-30,12.7765,12.7765,12.7765,12.7765,10
2018-05-31,11.9883,13.6061,11.9054,13.1913,2110
2018-06-01,13.4817,13.4817,13.4817,13.4817,10
2018-06-04,14.1643,14.2087,14.1643,14.2087,10
2018-06-05,13.2244,14.0803,13.2244,14.0803,20
2018-06-06,13.095999999999998,14.0803,13.095999999999998,14.0803,330
2018-06-07,13.095999999999998,13.9519,13.095999999999998,13.9519,800
2018-06-08,13.9519,13.9519,13.9519,13.9519,0
2018-06-11,13.0104,13.6523,13.0104,13.6523,120
2018-06-12,13.6523,13.6523,13.6523,13.6523,0
2018-06-13,12.7108,13.2671,12.7108,13.2671,20
2018-06-14,13.2671,13.2671,13.2671,13.2671,0
2018-06-15,12.3684,12.8392,12.3684,12.8392,440
2018-06-18,12.8392,12.8392,12.8392,12.8392,0
2018-06-19,11.9405,13.3528,11.9405,13.2243,2080
2018-06-20,12.3256,12.3256,12.3256,12.3256,40
2018-06-21,11.4697,13.1815,11.4697,13.1815,340
2018-06-22,13.1815,13.1815,13.1815,13.1815,0
2018-06-25,13.1387,13.1387,13.1387,13.1387,40
2018-06-26,12.24,13.0959,12.24,13.0959,1390
2018-06-27,13.0531,13.0959,12.1972,12.1972,260
2018-06-28,12.2828,12.2828,11.5552,11.5552,60
2018-06-29,12.3255,12.3255,11.5124,11.5124,90
2018-07-02,10.8704,12.2828,10.8704,12.2828,1130
2018-07-03,11.5552,12.5396,11.5552,12.5396,20
2018-07-04,12.5396,12.5396,12.5396,12.5396,50
2018-07-05,11.6837,12.4112,11.6837,12.4112,460
2018-07-06,11.5553,13.0104,11.5553,12.9247,120
2018-07-09,12.026,13.0103,12.026,13.0103,130
2018-07-10,12.1116,13.0531,12.1116,13.0531,110
2018-07-11,12.1544,12.1544,12.1544,12.1544,10
2018-07-12,12.7536,12.7536,11.3412,11.3412,50
2018-07-13,10.5709,12.0687,10.5709,10.8705,570
2018-07-16,11.4697,11.4697,10.8705,11.2985,920
2018-07-17,11.9833,11.9833,10.5281,11.812000000000001,90
2018-07-18,12.2828,12.2828,12.2828,12.2828,10
2018-07-19,11.4269,12.2828,11.4269,12.2828,20
2018-07-20,11.4269,11.4269,11.4268,11.4268,380
2018-07-23,11.384,11.384,10.6565,10.6565,1030
2018-07-24,10.1001,10.7849,10.1001,10.7849,20
2018-07-25,10.9133,10.9133,10.9133,10.9133,10
2018-07-26,10.2285,11.6409,10.1857,11.6408,2530
2018-07-27,11.9404,11.9404,10.8277,11.5552,30
2018-07-30,11.5552,11.5552,11.5552,11.5552,0
2018-07-31,11.8548,11.8548,11.8548,11.8548,60
2018-08-01,11.8976,11.8976,11.0417,11.812000000000001,2130
2018-08-02,11.0417,11.0417,11.0417,11.0417,50
2018-08-03,10.4425,11.0845,10.4425,11.0845,20
2018-08-06,10.4425,10.6993,10.4425,10.6993,1650
2018-08-07,10.1857,11.0845,9.9717,11.0845,8510
2018-08-08,11.7693,11.7693,11.2985,11.7264,440
2018-08-09,12.454,12.454,12.454,12.454,10
2018-08-10,11.5981,12.4112,11.5981,12.4112,1020
2018-08-13,12.4112,12.4112,12.4112,12.4112,0
2018-08-14,12.4112,12.4112,12.4112,12.4112,0
2018-08-15,12.4112,12.4112,12.4112,12.4112,0
2018-08-16,11.5553,11.5553,11.5552,11.5552,80
2018-08-17,10.7849,10.7849,10.7849,10.7849,1290
2018-08-20,10.2285,11.1273,10.1857,11.0417,1800
2018-08-21,11.8121,11.8121,10.2713,11.7692,60
2018-08-22,11.9404,11.9404,10.9561,11.6836,970
2018-08-23,10.8705,11.6408,10.8705,11.6408,30
2018-08-24,10.8277,11.5124,10.8277,11.5124,2800
2018-08-27,11.1272,11.1272,10.7421,10.7421,2030
2018-08-28,10.1429,11.0417,10.1429,11.0417,5010
2018-08-29,11.2557,11.2557,10.2713,11.0845,80
2018-08-30,11.0845,11.0845,11.0845,11.0845,0
2018-08-31,10.3141,10.9133,10.3141,10.3141,1210
2018-09-04,9.7577,9.7577,9.6293,9.6294,1480
2018-09-05,9.5438,10.1002,9.5438,10.1001,150
2018-09-06,10.1001,10.7421,10.1001,10.7421,1030
2018-09-07,10.9989,10.9989,10.9989,10.9989,30
2018-09-10,10.3569,10.3569,10.3569,10.3569,120
2018-09-11,10.8705,10.8705,10.8705,10.8705,100
2018-09-12,10.1857,10.4425,10.1857,10.4425,120
2018-09-13,10.4425,10.4425,10.4425,10.4425,0
2018-09-14,9.8433,10.3141,9.8005,10.3141,470
2018-09-17,9.7577,10.9989,9.7577,10.9989,130
2018-09-18,10.2713,10.2713,10.2713,10.2713,10
2018-09-19,10.2713,10.2713,10.2713,10.2713,0
2018-09-20,10.8705,10.8705,10.8277,10.8277,30
2018-09-21,10.1001,10.7849,10.1001,10.7849,190
2018-09-24,10.7849,10.7849,10.7849,10.7849,0
2018-09-25,10.1001,10.9561,10.1001,10.9561,510
2018-09-26,10.2713,10.2713,10.2713,10.2713,10
2018-09-27,10.2713,10.2713,10.2713,10.2713,0
2018-09-28,10.2713,10.5281,10.2713,10.5281,20
2018-10-01,10.5281,10.5281,10.5281,10.5281,0
2018-10-02,10.4853,10.4853,10.1429,10.3997,170
2018-10-03,10.2713,10.2713,10.2713,10.2713,880
2018-10-04,10.9561,10.9561,10.9561,10.9561,10
2018-10-05,10.2713,10.2713,10.2713,10.2713,500
2018-10-08,10.2713,10.2713,10.2713,10.2713,0
2018-10-09,9.8861,9.8861,9.8433,9.8433,1150
2018-10-10,9.8433,9.8433,9.8433,9.8433,430
2018-10-11,10.4853,10.4853,10.3997,10.3997,110
2018-10-12,10.3997,10.3997,10.3997,10.3997,0
2018-10-15,10.9561,10.9561,10.9561,10.9561,10
2018-10-16,10.9561,10.9561,10.9561,10.9561,0
2018-10-17,10.2713,10.2713,10.2713,10.2713,500
2018-10-18,10.2713,10.2713,10.2713,10.2713,0
2018-10-19,10.8705,10.8705,10.8705,10.8705,10
2018-10-22,10.8705,10.8705,10.8705,10.8705,0
2018-10-23,10.8705,10.8705,10.8705,10.8705,0
2018-10-24,10.8705,10.8705,10.8705,10.8705,0
2018-10-25,10.8705,10.8705,10.8705,10.8705,0
2018-10-26,11.1273,11.1273,11.1273,11.1273,10
2018-10-29,11.1273,11.1273,10.3569,11.0417,60
2018-10-30,11.0417,11.0417,11.0417,11.0417,0
2018-10-31,11.0417,11.0417,11.0417,11.0417,0
2018-11-01,11.0417,11.0417,11.0417,11.0417,0
2018-11-02,11.0417,11.0417,11.0417,11.0417,0
2018-11-05,11.0417,11.0417,11.0417,11.0417,0
2018-11-06,11.0417,11.0417,11.0417,11.0417,0
2018-11-07,11.0417,11.0417,11.0417,11.0417,600
2018-11-08,11.0417,11.0417,11.0417,11.0417,0
2018-11-09,11.0417,11.0417,11.0417,11.0417,0
2018-11-12,11.0417,11.0417,11.0417,11.0417,0
2018-11-13,11.0417,11.0417,11.0417,11.0417,0
2018-11-14,11.0417,11.0417,11.0417,11.0417,0
2018-11-15,11.0417,11.0417,11.0417,11.0417,0
2018-11-16,11.0417,11.0417,11.0417,11.0417,0
2018-11-19,11.0417,11.0417,11.0417,11.0417,0
2018-11-20,11.0417,11.0417,11.0417,11.0417,0
2018-11-21,11.0417,11.0417,11.0417,11.0417,0
2018-11-22,10.2713,10.2713,10.2713,10.2713,120
2018-11-23,10.2713,10.2713,10.2713,10.2713,0
2018-11-26,10.9133,10.9133,10.9133,10.9133,10
2018-11-27,10.9133,10.9133,10.9133,10.9133,2170
2018-11-28,10.9133,10.9133,10.9133,10.9133,200
2018-11-29,10.9133,10.9133,10.9133,10.9133,0
2018-11-30,11.0417,11.0417,10.7849,10.7849,50
2018-12-03,10.7849,10.7849,10.2713,10.7849,1410
2018-12-04,10.0573,10.7849,10.0573,10.7849,1080
2018-12-05,10.7849,10.7849,10.7849,10.7849,0
2018-12-06,10.0659,11.2792,10.0659,11.2792,3130
2018-12-07,11.2792,11.2792,11.2792,11.2792,0
2018-12-10,11.2792,11.2792,11.2792,11.2792,0
2018-12-11,11.2792,11.2792,11.2792,11.2792,0
2018-12-12,11.2792,11.2792,11.2792,11.2792,0
2018-12-13,11.2792,11.2792,11.2792,11.2792,0
2018-12-14,11.2792,11.2792,11.2792,11.2792,0
2018-12-17,11.2792,11.2792,11.2792,11.2792,0
2018-12-18,11.2792,11.2792,11.2792,11.2792,0
2018-12-19,10.5153,11.2343,10.5153,11.2343,20
2018-12-20,10.4704,10.4704,10.4703,10.4703,30
2018-12-21,10.4703,11.1893,10.4703,11.1893,30
2018-12-24,11.1893,11.1893,11.1893,11.1893,0
2018-12-25,11.1893,11.1893,11.1893,11.1893,0
2018-12-26,10.4254,11.0994,10.4254,11.0994,660
2018-12-27,10.3355,11.4589,10.3355,11.4589,8480
2018-12-28,11.4589,11.4589,11.4589,11.4589,0
2019-01-02,11.4589,11.4589,11.4589,11.4589,0
2019-01-03,10.7848,10.7849,10.7848,10.7849,1000
2019-01-04,10.3355,10.3355,10.3355,10.3355,60
2019-01-07,10.3355,10.3355,9.6165,9.6165,1220
2019-01-08,9.6165,9.6165,8.9514,8.9515,1020
2019-01-09,9.5716,9.5716,9.5716,9.5716,1170
2019-01-10,9.5716,9.5716,9.1672,9.1672,1350
2019-01-11,9.1672,9.7963,9.1672,9.7963,5130
2019-01-14,9.7963,10.4254,9.7963,10.4254,30
2019-01-15,10.4254,11.0995,10.4254,11.0545,130
2019-01-16,11.0545,11.0545,11.0545,11.0545,0
2019-01-17,10.2906,10.6051,10.2906,10.2906,1220
2019-01-18,9.5716,10.8748,9.5716,10.8298,1020
2019-01-21,10.8298,10.8298,10.8298,10.8298,500
2019-01-22,10.1108,10.1108,10.1108,10.1108,10
2019-01-23,10.1108,10.1108,10.1108,10.1108,0
2019-01-24,10.695,10.695,10.695,10.695,10
2019-01-25,10.695,10.695,10.695,10.695,0
2019-01-28,10.695,10.695,10.695,10.695,0
2019-01-29,10.695,10.695,10.695,10.695,0
2019-01-30,10.695,10.695,10.695,10.695,0
2019-01-31,11.414000000000001,11.414000000000001,9.976,10.695,520
2019-02-01,10.695,10.695,10.695,10.695,0
2019-02-11,9.976,10.6501,9.976,10.6501,110
2019-02-12,9.9311,10.6052,9.9311,10.6051,450
2019-02-13,10.6051,10.6051,10.6051,10.6051,0
2019-02-14,9.976,9.976,9.976,9.976,10
2019-02-15,10.5152,10.5152,9.4368,9.4368,20
2019-02-18,10.0659,10.0659,10.0659,10.0659,70
2019-02-19,10.0659,10.0659,10.0659,10.0659,0
2019-02-20,10.0659,10.0659,10.0659,10.0659,0
2019-02-21,10.0659,10.0659,10.0659,10.0659,0
2019-02-22,9.4368,10.0659,9.4368,10.0659,150
2019-02-25,10.0659,10.0659,10.0659,10.0659,0
2019-02-26,10.0659,10.0659,10.0659,10.0659,0
2019-02-27,10.0659,10.0659,10.0659,10.0659,0
2019-02-28,10.0659,10.0659,10.0659,10.0659,50
2019-03-01,10.0659,10.0659,10.0659,10.0659,0
2019-03-04,9.5267,9.5267,9.5266,9.5266,1510
2019-03-05,9.976,10.1108,9.976,10.1108,30
2019-03-06,10.4703,10.4703,9.8861,10.4254,50
2019-03-07,10.4254,10.4254,10.4254,10.4254,10
2019-03-08,10.4254,11.1444,10.4254,11.0545,2100
2019-03-11,10.7849,10.7849,10.7849,10.7849,190
2019-03-12,10.7849,10.7849,10.7849,10.7849,90
2019-03-13,10.7849,10.7849,10.7849,10.7849,0
2019-03-14,10.7849,10.7849,10.4254,10.7849,530
2019-03-15,11.1893,11.1893,11.1893,11.1893,10
2019-03-18,10.695,10.695,10.695,10.695,50
2019-03-19,10.695,10.7399,10.695,10.695,500
2019-03-20,10.695,10.695,10.695,10.695,170
2019-03-21,10.695,10.695,10.695,10.695,20
2019-03-22,10.695,10.695,10.695,10.695,10
2019-03-25,10.695,10.695,10.695,10.695,20
2019-03-26,9.976,9.976,9.976,9.976,540
2019-03-27,9.4368,9.976,9.4368,9.976,20
2019-03-28,9.4368,9.976,9.4368,9.976,120
2019-03-29,9.976,9.976,9.976,9.976,0
2019-04-01,10.6051,10.6051,10.6051,10.6051,10
2019-04-02,10.6051,10.6051,10.6051,10.6051,60
2019-04-03,10.6051,10.6051,10.6051,10.6051,10
2019-04-04,10.7848,10.7849,10.7848,10.7849,100
2019-04-05,10.7849,10.7849,10.7849,10.7849,0
2019-04-08,10.7849,10.7849,10.7849,10.7849,0
2019-04-09,10.7849,10.7849,10.7849,10.7849,200
2019-04-10,10.7849,10.7849,10.7849,10.7849,10
2019-04-11,10.7849,10.7849,10.7849,10.7849,10
2019-04-12,10.7849,10.7849,10.7849,10.7849,0
2019-04-16,10.7849,10.7849,10.7849,10.7849,0
2019-04-17,10.7849,10.7849,10.7849,10.7849,0
2019-04-18,10.7849,10.7849,10.7849,10.7849,0
2019-04-19,10.7849,10.7849,10.7849,10.7849,0
2019-04-22,10.7849,10.7849,10.7849,10.7849,0
2019-04-23,10.7849,10.7849,10.7849,10.7849,0
2019-04-24,10.7849,10.7849,10.7849,10.7849,0
2019-04-25,10.7849,10.7849,10.7849,10.7849,0
2019-04-26,10.0659,10.6052,10.0659,10.6051,210
2019-05-02,10.3355,10.695,10.3355,10.695,330
2019-05-03,10.695,10.695,10.695,10.695,0
2019-05-06,10.695,10.695,10.695,10.695,0
2019-05-07,10.6051,10.6051,10.6051,10.6051,40
2019-05-08,9.8861,10.5602,9.8861,10.5602,30
2019-05-09,10.5602,10.5602,10.5602,10.5602,0
2019-05-10,10.5602,10.5602,10.5602,10.5602,0
2019-05-13,9.8861,9.8861,9.8861,9.8861,400
2019-05-14,9.212,9.4368,9.212,9.4368,360
2019-05-15,8.9874,9.976,8.7807,9.976,5440
2019-05-16,9.976,9.976,9.976,9.976,0
2019-05-17,9.7064,9.8861,9.7064,9.8861,30
2019-05-20,9.212,9.4368,9.212,9.4368,210
2019-05-21,8.9874,9.4368,8.9874,9.4368,200
2019-05-22,8.7987,9.0773,8.7807,9.0773,3390
2019-05-23,9.6615,9.6615,9.6615,9.6615,20
2019-05-24,9.4368,9.5716,9.3469,9.5716,180
2019-05-27,8.9065,9.3919,8.9065,9.3918,1080
2019-05-28,8.7447,8.7447,8.7447,8.7447,10
2019-05-29,9.212,9.212,8.2684,9.1672,50
2019-05-30,8.5471,8.5471,8.547,8.547,10
2019-05-31,9.0773,9.0773,9.0773,9.0773,130
2019-06-03,8.9874,9.1672,8.9874,9.1672,140
2019-06-04,9.5716,9.5716,9.5716,9.5716,30
2019-06-05,9.7963,9.7963,9.7963,9.7963,10
2019-06-06,9.7963,9.7963,9.7963,9.7963,0
2019-06-07,9.7963,9.7963,9.7963,9.7963,10
2019-06-10,9.6166,9.7064,9.6166,9.7064,20
2019-06-11,9.7064,9.7064,9.7064,9.7064,0
2019-06-12,9.7064,9.7064,9.7064,9.7064,0
2019-06-13,9.0323,9.0323,9.0323,9.0323,870
2019-06-14,9.3918,9.3918,9.3918,9.3918,10
2019-06-17,9.3918,9.3918,8.7627,8.7627,210
2019-06-18,9.257,9.257,9.257,9.257,10
2019-06-19,9.5266,9.5266,9.5266,9.5266,10
2019-06-20,9.8861,9.8861,9.7962,9.7963,30
2019-06-21,9.7963,9.7963,9.7963,9.7963,0
2019-06-24,9.1222,9.5716,9.1222,9.5716,230
2019-06-25,8.9874,9.302,8.9065,9.302,380
2019-06-26,9.4368,9.4368,9.4368,9.4368,10
2019-06-27,9.4368,9.4368,9.4368,9.4368,0
2019-06-28,9.4368,9.4368,8.7897,8.7897,40
2019-07-01,8.7897,9.0773,8.7897,9.0773,1590
2019-07-02,8.9874,8.9874,8.9874,8.9874,50
2019-07-03,9.0773,9.1222,8.9874,8.9874,570
2019-07-04,8.9874,8.9874,8.9874,8.9874,110
2019-07-05,8.9874,8.9874,8.8975,8.9874,360
2019-07-08,8.9874,8.9874,8.8077,8.9874,320
2019-07-09,9.0773,9.0773,9.0773,9.0773,100
2019-07-10,9.0773,9.0773,9.0773,9.0773,780
2019-07-11,9.0773,9.4368,9.0773,9.3469,1180
2019-07-12,9.3469,9.6615,9.3469,9.6615,30
2019-07-15,9.6615,9.6615,9.3469,9.3469,110
2019-07-16,9.3469,9.3469,9.3469,9.3469,0
2019-07-17,9.3469,9.3469,9.3469,9.3469,20
2019-07-18,9.3469,9.3469,9.3469,9.3469,20
2019-07-19,9.4423,9.9192,9.4423,9.9189,160
2019-07-22,9.9189,9.9189,9.9189,9.9189,0
2019-07-23,9.5374,10.0143,9.5374,10.0143,60
2019-07-24,10.0143,10.0143,10.0143,10.0143,0
2019-07-25,9.3181,10.1097,9.3181,10.1097,60
2019-07-26,10.7773,10.7773,10.7773,10.7773,10
2019-07-29,10.7773,10.7773,10.7773,10.7773,0
2019-07-30,10.7773,10.7773,10.7773,10.7773,0
2019-07-31,10.7773,10.7773,10.7773,10.7773,360
2019-08-01,10.7773,10.7773,10.7773,10.7773,0
2019-08-02,10.7773,10.7773,10.7773,10.7773,0
2019-08-05,10.7773,10.7773,10.7773,10.7773,0
2019-08-06,10.7773,10.7773,10.7773,10.7773,370
2019-08-07,10.7773,10.7773,10.7773,10.7773,0
2019-08-08,10.7773,10.7773,10.7773,10.7773,0
2019-08-09,10.7773,10.7773,10.7773,10.7773,0
2019-08-12,10.4912,10.6819,10.062000000000001,10.6819,1590
2019-08-13,9.9666,9.9666,9.9666,9.9666,50
2019-08-14,9.2704,9.9666,9.2704,9.9666,990
2019-08-15,9.9666,9.9666,9.9666,9.9666,10
2019-08-16,10.6342,10.6342,10.6342,10.6342,10
2019-08-19,9.9189,9.9189,9.9189,9.9189,60
2019-08-20,9.2322,9.8712,9.2322,9.8712,20
2019-08-21,10.4911,10.4912,10.4911,10.4912,20
2019-08-22,10.4912,10.4912,10.4912,10.4912,0
2019-08-23,10.4912,10.4912,10.4912,10.4912,0
2019-08-26,9.7759,9.7759,9.7759,9.7759,260
2019-08-27,9.7759,9.7759,9.7759,9.7759,0
2019-08-28,9.5375,10.3958,9.5375,10.3958,4150
2019-08-29,10.3958,10.3958,10.3958,10.3958,0
2019-08-30,10.3958,10.3958,10.3958,10.3958,0
2019-09-03,11.1111,11.1111,11.1111,11.1111,2000
2019-09-04,11.1111,11.1111,11.1111,11.1111,0
2019-09-05,11.8741,11.8741,11.4449,11.4449,30
2019-09-06,11.4449,11.4449,11.4449,11.4449,0
2019-09-09,11.1588,11.2542,11.1588,11.2542,1080
2019-09-10,10.9681,10.9681,10.968,10.968,900
2019-09-11,10.968,10.968,10.968,10.968,0
2019-09-12,10.968,10.968,10.968,10.968,0
2019-09-13,11.731,11.731,10.205,10.2051,20
2019-09-16,10.2051,10.8727,10.2051,10.8727,110
2019-09-17,10.8727,11.5403,10.8727,11.5403,5200
2019-09-18,11.5403,11.5403,11.5403,11.5403,0
2019-09-19,12.2079,12.2079,11.6357,11.6357,50
2019-09-20,11.6357,11.6357,11.6357,11.6357,50
2019-09-23,11.6357,11.6357,11.6357,11.6357,10
2019-09-24,11.6357,11.6357,11.6357,11.6357,150
2019-09-25,11.1588,11.588,11.1588,11.588,1630
2019-09-26,11.588,11.588,11.588,11.588,0
2019-09-27,11.588,11.588,11.588,11.588,0
2019-09-30,11.588,11.588,11.588,11.588,0
2019-10-01,11.588,11.588,11.588,11.588,0
2019-10-02,11.1588,11.5403,11.1588,11.5403,2710
2019-10-03,11.5403,11.5403,11.5403,11.5403,0
2019-10-04,11.731,11.731,11.731,11.731,10
2019-10-07,11.9217,11.9218,11.9217,11.9218,10
2019-10-08,12.1125,12.1125,12.1125,12.1125,10
2019-10-09,12.9232,12.9232,12.9232,12.9232,20
2019-10-10,12.0648,12.0649,12.0648,12.0649,30
2019-10-11,12.0649,12.0649,12.0649,12.0649,0
2019-10-14,12.0649,12.0649,12.0649,12.0649,50
2019-10-15,12.0649,12.0649,12.0649,12.0649,0
2019-10-16,12.0649,12.0649,12.0649,12.0649,0
2019-10-17,12.0649,12.0649,12.0649,12.0649,0
2019-10-18,12.0649,12.0649,12.0649,12.0649,0
2019-10-21,12.0649,12.0649,12.0649,12.0649,10
2019-10-22,12.0649,12.0649,12.0649,12.0649,0
2019-10-23,12.0649,12.0649,12.0649,12.0649,0
2019-10-24,12.0649,12.0649,12.0649,12.0649,0
2019-10-25,12.0649,12.0649,12.0649,12.0649,0
2019-10-28,12.0649,12.0649,12.0649,12.0649,0
2019-10-29,12.0649,12.0649,12.0649,12.0649,0
2019-10-30,12.0172,12.0172,12.0172,12.0172,3600
2019-10-31,11.2065,11.2065,11.2065,11.2065,150
2019-11-01,10.4435,10.4435,10.4435,10.4435,140
2019-11-04,10.3004,10.3004,9.7282,9.7282,3080
2019-11-05,10.3958,10.3958,10.3958,10.3958,300
2019-11-06,11.0634,11.0634,11.0634,11.0634,210
2019-11-07,10.3004,10.3004,10.3004,10.3004,130
2019-11-08,10.3004,10.3004,10.3004,10.3004,0
2019-11-11,10.3004,10.3004,10.3004,10.3004,0
2019-11-12,11.0157,11.0157,9.5851,9.5851,100
2019-11-13,9.6328,9.6328,9.6328,9.6328,200
2019-11-14,9.6328,9.6328,9.6328,9.6328,1430
2019-11-15,9.6328,9.6328,9.6328,9.6328,0
2019-11-18,9.5374,9.5374,9.5374,9.5374,960
2019-11-19,8.9652,8.9652,8.9652,8.9652,10
2019-11-20,9.0606,9.0606,9.0606,9.0606,10
2019-11-21,9.4421,9.5375,9.4421,9.5374,940
2019-11-22,9.5374,9.5374,9.5374,9.5374,0
2019-11-25,9.5374,9.5374,9.5374,9.5374,0
2019-11-26,9.5374,9.5374,9.5374,9.5374,20
2019-11-27,9.5374,9.5374,9.5374,9.5374,0
2019-11-28,10.205,10.2051,10.205,10.2051,60
2019-11-29,10.2051,10.2051,10.2051,10.2051,1000
2019-12-02,10.2051,10.8727,10.2051,10.8727,3880
2019-12-03,11.4449,11.4449,11.4449,11.4449,510
2019-12-04,12.1602,12.1602,12.1602,12.1602,10
2019-12-05,12.1602,12.1602,12.1602,12.1602,0
2019-12-06,12.1602,12.1602,12.1602,12.1602,0
2019-12-09,12.1602,12.9232,12.1602,12.1602,1110
2019-12-10,12.1602,12.1602,12.1602,12.1602,0
2019-12-11,12.1602,12.1602,12.1602,12.1602,0
2019-12-12,12.1602,12.1602,12.1602,12.1602,0
2019-12-13,12.1125,12.1125,12.1125,12.1125,200
2019-12-16,12.1125,12.1125,12.1125,12.1125,0
2019-12-17,12.1125,12.1125,12.1125,12.1125,0
2019-12-18,12.1125,12.1125,12.1125,12.1125,0
2019-12-19,12.1125,12.1125,12.1125,12.1125,0
2019-12-20,12.1125,12.1125,12.1125,12.1125,0
2019-12-23,12.1125,12.1125,12.1125,12.1125,0
2019-12-24,11.3018,11.3019,11.3018,11.3019,10
2019-12-25,11.3019,11.3019,11.3019,11.3019,0
2019-12-26,10.5389,10.5389,10.5389,10.5389,10
2019-12-27,9.919,9.919,9.8236,9.8236,120
2019-12-30,10.4912,10.4912,10.4912,10.4912,10
2019-12-31,9.7759,9.7759,9.7759,9.7759,80
2020-01-02,10.3958,10.3958,10.3958,10.3958,20
2020-01-03,9.6805,9.6805,9.6805,9.6805,10
2020-01-06,9.5374,9.5374,9.0606,9.0606,40
2020-01-07,9.0606,9.0606,9.0606,9.0606,0
2020-01-08,9.6805,9.6805,8.4311,9.6805,1920
2020-01-09,9.6805,10.3481,9.0033,10.3481,360
2020-01-10,11.0634,11.0634,11.0634,11.0634,10
2020-01-13,11.8264,11.8264,10.3004,11.7787,160
2020-01-14,11.7787,11.7787,11.7787,11.7787,0
2020-01-15,11.7787,11.7787,11.7787,11.7787,0
2020-01-16,12.5417,12.5417,12.5417,12.5417,10
2020-01-17,11.6833,11.6834,11.6833,11.6834,10
2020-01-20,11.6834,11.6834,11.6834,11.6834,0
2020-01-21,11.6834,11.6834,11.6834,11.6834,0
2020-01-22,11.6834,11.6834,11.6834,11.6834,0
2020-01-30,11.6834,11.6834,11.6834,11.6834,0
2020-01-31,10.9681,10.9681,10.8727,10.8727,60
2020-02-03,10.1574,11.5403,10.1574,11.5403,40
2020-02-04,10.7773,10.7773,10.7773,10.7773,100
2020-02-05,11.4926,11.4926,10.062000000000001,10.062000000000001,2420
2020-02-06,9.4421,9.4421,9.4421,9.4421,60
2020-02-07,10.062000000000001,10.062000000000001,9.3467,9.3467,4470
2020-02-10,9.3467,9.9666,9.3467,9.9666,100
2020-02-11,9.9666,9.9666,9.9666,9.9666,1480
2020-02-12,9.9666,9.9666,9.9666,9.9666,4920
2020-02-13,9.5374,9.5374,9.5374,9.5374,20
2020-02-14,9.5374,9.5374,9.5374,9.5374,0
2020-02-17,9.6328,9.6328,9.6328,9.6328,1000
2020-02-18,9.6328,9.6328,9.6328,9.6328,0
2020-02-19,9.6328,9.6328,9.6328,9.6328,0
2020-02-20,9.6328,9.6328,9.6328,9.6328,900
2020-02-21,9.5374,9.5374,9.5374,9.5374,1000
2020-02-24,9.5374,9.5374,9.5374,9.5374,0
2020-02-25,9.5374,9.5374,9.5374,9.5374,0
2020-02-26,8.8698,9.9666,8.8698,9.9666,2240
2020-02-27,9.9666,9.9666,9.9666,9.9666,0
2020-02-28,10.4912,10.4912,10.4912,10.4912,10
2020-03-02,9.7759,11.1111,9.7759,10.9204,620
2020-03-03,10.1574,10.1574,10.1574,10.1574,280
2020-03-04,9.5375,9.5375,9.5374,9.5374,10
2020-03-05,9.5374,9.5374,9.5374,9.5374,200
2020-03-06,10.205,10.2051,10.205,10.2051,2030
2020-03-09,10.3958,10.8727,10.2051,10.3481,7200
2020-03-10,10.3481,10.3481,10.3481,10.3481,0
2020-03-11,10.3481,10.3481,10.3481,10.3481,0
2020-03-12,9.6328,10.8727,9.6328,10.8727,1050
2020-03-13,10.8727,11.4449,10.1574,10.1574,1640
2020-03-16,9.4516,9.4516,9.4516,9.4516,300
2020-03-17,8.8031,10.1097,8.8031,10.1097,110
2020-03-18,10.1097,10.1097,10.1097,10.1097,0
2020-03-19,9.4039,9.4039,9.4039,9.4039,500
2020-03-20,8.7649,9.8236,8.7458,9.8236,1310
2020-03-23,9.8236,9.8236,9.8236,9.8236,20
2020-03-24,10.4912,10.4912,9.1369,9.1369,170
2020-03-25,9.7759,9.7759,8.4979,8.4979,1400
2020-03-26,8.0115,8.1069,8.0114,8.0114,320
2020-03-27,7.4582,8.5646,7.4582,7.649,140
2020-03-30,7.6299,8.1831,7.6299,8.1831,880
2020-03-31,8.7553,8.7554,8.7553,8.7554,470
2020-04-01,9.3658,9.3658,9.3467,9.3467,180
2020-04-03,8.7077,9.9666,8.7077,9.9666,3060
2020-04-06,9.9666,10.6342,9.9666,10.6342,4800
2020-04-07,11.1588,11.3495,10.8726,11.3495,3810
2020-04-08,11.4449,12.1125,11.4449,11.6357,6500
2020-04-09,11.6357,12.3033,11.6357,12.3033,2010
2020-04-10,13.0663,13.0663,12.8755,12.8755,3870
2020-04-13,12.2079,12.2079,12.0171,12.0172,760
2020-04-14,11.2065,11.2542,11.2065,11.2542,2640
2020-04-15,11.2542,11.3496,10.4912,10.4912,8100
2020-04-16,9.7759,9.8236,9.7759,9.7759,2180
2020-04-17,9.7759,10.4435,9.7759,10.4435,800
2020-04-20,11.1111,11.1111,11.1111,11.1111,480
2020-04-21,10.3958,10.4435,10.3958,10.4435,100
2020-04-22,9.7282,10.4435,9.7282,10.4435,220
2020-04-23,10.4912,11.1588,10.4912,10.968,1010
2020-04-24,10.205,10.2051,10.205,10.2051,350
2020-04-27,10.8727,10.8727,10.2051,10.2051,1400
2020-04-28,10.2051,10.2051,10.2051,10.2051,0
2020-04-29,10.7773,10.7773,10.7773,10.7773,50
2020-05-04,11.0157,11.0634,11.0157,11.0634,5010
2020-05-05,11.0634,11.0634,11.0634,11.0634,0
2020-05-06,11.0634,11.0634,11.0634,11.0634,0
2020-05-07,10.7773,10.7773,10.3004,10.3004,4370
2020-05-08,9.6805,9.6805,9.6328,9.6328,740
2020-05-11,9.6328,10.3004,9.1082,10.3004,1410
2020-05-12,10.3004,10.3004,9.5851,9.6328,220
2020-05-13,9.2513,10.3004,9.2513,10.3004,110
2020-05-14,10.3004,10.6819,10.2527,10.6819,2570
2020-05-15,10.8726,10.8726,10.4912,10.4912,2000
2020-05-18,10.7773,10.7773,10.7773,10.7773,10
2020-05-19,10.4912,10.4912,10.4912,10.4912,400
2020-05-20,10.4912,10.4912,9.7759,9.7759,2100
2020-05-21,9.8236,9.8236,9.5374,9.5374,3050
2020-05-22,9.4897,9.4897,9.3467,9.3467,2700
2020-05-25,9.2513,9.2513,9.2513,9.2513,10
2020-05-26,9.0701,9.8235,9.0701,9.7282,870
2020-05-27,10.3004,10.3004,9.9189,9.9189,2090
2020-05-28,9.9666,9.9666,9.9666,9.9666,10
2020-05-29,9.2799,9.2799,9.2799,9.2799,180
2020-06-01,9.8235,9.9189,9.5374,9.5374,2400
2020-06-02,9.7281,9.7281,9.1082,9.1082,110
2020-06-03,9.1559,9.1559,9.1559,9.1559,2950
2020-06-04,9.1559,9.1559,9.1559,9.1559,0
2020-06-05,9.1559,9.1559,9.1559,9.1559,0
2020-06-08,9.7281,9.7282,9.7281,9.7282,1890
2020-06-09,9.7282,9.7282,9.7282,9.7282,100
2020-06-10,9.6328,9.6328,9.6328,9.6328,20
2020-06-11,9.0701,9.6328,9.0701,9.6328,1600
2020-06-12,9.6328,9.6328,9.6328,9.6328,0
2020-06-15,9.6328,9.6328,9.6328,9.6328,0
2020-06-16,9.6328,9.6328,9.6328,9.6328,0
2020-06-17,9.0606,9.5374,9.0606,9.5374,1720
2020-06-18,9.0605,9.5374,9.0605,9.5374,230
2020-06-19,9.442,9.5374,9.442,9.4421,920
2020-06-22,9.4421,9.4421,8.927,8.927,150
2020-06-23,8.927,8.927,8.927,8.927,0
2020-06-24,8.927,8.927,8.927,8.927,0
2020-06-25,9.051,9.0606,9.051,9.0606,260
2020-06-26,9.0606,9.0606,9.0606,9.0606,0
2020-06-29,8.5837,9.5279,8.5837,9.5279,3070
2020-06-30,9.5279,9.5279,9.4421,9.4421,270
2020-07-01,9.4421,9.4421,9.4421,9.4421,0
2020-07-02,8.783999999999999,8.783999999999999,8.783999999999999,8.783999999999999,3370
2020-07-03,8.783999999999999,8.783999999999999,8.6791,8.6791,20
2020-07-06,8.6791,8.6791,8.6791,8.6791,40
2020-07-07,8.1069,8.1069,8.0877,8.0877,3760
2020-07-08,8.0114,8.5646,8.0114,8.5646,110
2020-07-09,8.5741,8.5837,8.5741,8.5837,1050
2020-07-10,8.5837,8.5837,8.5837,8.5837,0
2020-07-13,8.5837,9.0606,8.2213,9.0606,440
2020-07-14,8.4407,8.4407,8.4406,8.4406,510
2020-07-15,8.4406,8.4406,8.4406,8.4406,0
2020-07-16,8.4406,8.4406,8.1354,8.1354,300
2020-07-17,7.6299,8.145,7.6299,8.145,30
2020-07-20,7.6586,7.6586,7.6586,7.6586,10
2020-07-21,7.6586,7.9733,7.6586,7.9733,300
2020-07-22,7.6586,7.6586,7.6586,7.6586,10
2020-07-23,8.1832,8.1832,8.1831,8.1831,210
2020-07-24,7.6681,7.6681,7.6681,7.6681,770
2020-07-27,7.6681,8.2022,7.6681,8.2022,3120
2020-07-28,8.7744,8.7744,8.7744,8.7744,10
2020-07-29,9.3466,9.3848,9.3466,9.3848,17550
2020-07-30,9.8712,10.0143,9.8712,10.0143,1780
2020-07-31,10.4912,10.6819,10.4912,10.6819,7540
2020-08-03,11.3972,11.3972,11.3972,11.3972,2000
2020-08-04,12.1602,12.1602,12.1602,12.1602,11500
2020-08-05,12.9709,12.9709,12.9709,12.9709,19890
2020-08-06,13.877,13.877,13.877,13.877,3510
2020-08-07,14.8307,14.8307,14.8307,14.8307,4900
2020-08-10,15.8321,15.8321,15.1645,15.7368,113000
2020-08-11,16.8336,16.8336,16.6905,16.8336,116230
2020-08-12,17.9781,17.9781,17.9304,17.9781,25520
2020-08-13,19.218,19.218,19.2179,19.2179,13590
2020-08-14,20.5531,20.5532,20.5531,20.5532,25420
2020-08-17,19.1226,21.9838,19.1226,19.1226,171100
2020-08-18,17.7874,17.7874,17.7873,17.7873,11540
2020-08-19,16.5474,16.5474,16.5474,16.5474,9600
2020-08-20,15.4029,15.402999999999999,15.4029,15.402999999999999,4360
2020-08-21,14.3539,14.3539,14.3538,14.3538,2570
2020-08-24,13.3524,15.2599,13.3524,13.8293,150730
2020-08-25,13.8293,14.5923,13.8293,14.5446,57140
2020-08-26,15.546,15.546,15.2599,15.546,81970
2020-08-27,15.8321,15.8321,14.4969,14.8784,85700
2020-08-28,14.8784,14.8784,13.9247,14.6876,60310
2020-08-31,13.6862,14.6399,13.6862,13.7339,65500
2020-09-01,13.0663,13.7339,12.9709,13.6385,25830
2020-09-03,13.0663,13.7816,13.0663,13.6385,12650
2020-09-04,13.0186,13.5431,12.7801,13.3047,12130
2020-09-07,12.9232,13.3524,12.7801,12.7802,16680
2020-09-08,12.7802,12.7802,12.0172,12.3987,20690
2020-09-09,12.5894,12.5894,12.0172,12.0649,22470
2020-09-10,11.3973,12.4464,11.3973,12.4464,25340
2020-09-11,12.208,12.8279,11.6834,12.8278,8140
2020-09-14,13.0662,13.0662,12.8278,12.8278,4860
2020-09-15,12.5894,12.8755,12.5894,12.5894,18830
2020-09-16,12.8278,13.0663,12.7801,13.0663,15570
2020-09-17,13.0663,13.257,12.8756,13.257,8900
2020-09-18,13.257,13.3524,12.6371,13.257,4100
2020-09-21,13.257,13.257,12.8278,12.8278,4870
2020-09-22,12.8755,13.257,12.3986,12.3987,49680
2020-09-23,12.2556,12.9709,12.208,12.9709,12180
2020-09-24,13.4478,13.4478,12.5894,13.0663,1710
2020-09-25,12.8756,12.9709,12.8755,12.8755,14870
2020-09-28,12.3986,12.8755,12.3986,12.8755,4320
2020-09-29,12.3986,12.8755,12.3986,12.494000000000002,2960
2020-09-30,12.494000000000002,12.8278,12.3986,12.8278,4580
2020-10-01,12.8278,12.8278,12.4463,12.494000000000002,800
2020-10-02,12.2556,13.0662,12.2556,12.3987,7660
2020-10-05,12.7802,12.7802,12.3033,12.3987,2670
2020-10-06,12.6848,12.8756,12.208,12.3987,13880
2020-10-07,12.3033,12.6848,11.9218,12.3987,29810
2020-10-08,12.0172,12.7325,11.9218,12.3987,12710
2020-10-09,11.9695,12.7802,11.9218,12.3987,7980
2020-10-12,12.3987,12.6848,12.208,12.3987,3330
2020-10-13,12.3987,12.6371,12.3987,12.3987,6610
2020-10-14,12.1126,12.5418,12.1126,12.494000000000002,2130
2020-10-15,12.1125,12.494000000000002,12.1125,12.3033,7010
2020-10-16,12.1126,12.3987,12.0172,12.350999999999999,22890
2020-10-19,12.1126,12.1126,11.5403,11.6357,19300
2020-10-20,11.7788,11.9218,11.5403,11.9218,14260
2020-10-21,12.1602,12.1602,11.7787,11.7787,2340
2020-10-22,11.6833,12.0172,11.6833,12.0172,3580
2020-10-23,11.7311,12.0649,11.6834,12.0649,2870
2020-10-26,12.0172,12.1126,11.7788,12.1125,7490
2020-10-27,12.1125,12.1125,11.6833,11.9218,2160
2020-10-28,12.3987,12.3987,11.6834,12.0172,12630
2020-10-29,11.7311,11.9218,11.6357,11.9218,8140
2020-10-30,11.9695,11.9695,11.6357,11.9695,7080
2020-11-02,11.7311,11.9695,11.6357,11.6357,16520
2020-11-03,11.6357,11.9218,11.6357,11.731,6040
2020-11-04,11.731,12.0172,11.731,12.0172,4890
2020-11-05,11.7788,11.9695,11.7311,11.9695,1550
2020-11-06,11.6834,11.6834,11.6357,11.6357,1500
2020-11-09,11.6357,11.6357,11.4449,11.4449,19800
2020-11-10,11.4449,11.731,10.968,11.731,3120
2020-11-11,11.3972,11.9218,11.3495,11.9218,5830
2020-11-12,11.8741,11.9218,11.8741,11.9218,2050
2020-11-13,11.8741,11.9218,11.8741,11.9218,1090
2020-11-16,11.8741,12.0649,11.8741,12.0172,16230
2020-11-17,12.0172,12.0172,12.0172,12.0172,2350
2020-11-18,12.0172,12.0172,12.0172,12.0172,100
2020-11-19,11.445,11.7311,11.4449,11.4449,930
2020-11-20,11.4449,12.0171,11.4449,11.6357,8100
2020-11-23,11.6357,12.3033,11.6357,12.3033,2680
2020-11-24,12.3033,12.3033,11.9218,11.9218,4160
2020-11-25,11.9218,11.9218,11.4449,11.9218,4090
2020-11-26,11.9218,11.9218,11.9218,11.9218,0
2020-11-27,11.4449,12.3033,11.4449,12.3033,1190
2020-11-30,11.5403,11.9218,11.4926,11.9218,670
2020-12-01,11.9218,12.7325,11.9218,12.7325,27010
2020-12-02,13.5909,13.5909,13.5908,13.5908,50720
2020-12-03,14.4969,14.4969,14.4969,14.4969,17080
2020-12-04,15.4983,15.4983,14.4015,15.2599,94510
2020-12-07,14.2108,14.2108,14.2108,14.2108,9330
2020-12-08,13.2571,13.2571,13.257,13.257,21980
2020-12-09,12.3509,13.257,12.3509,13.1617,39790
2020-12-10,13.1617,13.1617,12.2556,12.3033,10700
2020-12-11,12.3033,12.8755,11.8264,12.3987,16970
2020-12-14,11.8265,12.3987,11.8265,12.2079,18970
2020-12-15,12.4463,12.494000000000002,12.2079,12.4464,11010
2020-12-16,12.3987,12.8756,12.0649,12.6848,8230
2020-12-17,12.6848,12.6848,12.3033,12.5894,11270
2020-12-18,12.3987,13.3047,12.3987,12.7802,9670
2020-12-21,12.7802,13.2094,12.3987,13.2093,11270
2020-12-22,13.1616,13.257,12.3986,13.1617,30700
2020-12-23,13.1617,13.1617,12.970999999999998,13.0186,6900
2020-12-24,13.0186,13.0186,12.3033,12.9709,20650
2020-12-25,12.9709,12.9709,12.8755,12.8755,25020
2020-12-28,12.8755,12.8755,12.494000000000002,12.494000000000002,15530
2020-12-29,12.7801,13.3524,12.494000000000002,13.3524,50050
2020-12-30,13.3524,14.2108,13.3524,13.4478,15660
2020-12-31,13.0663,13.5432,13.0663,13.3524,7920
2021-01-04,13.1617,13.5431,13.1617,13.3524,9300
2021-01-05,13.3524,13.3524,12.7325,12.8755,5200
2021-01-06,12.8278,13.7339,12.8278,13.4478,31300
2021-01-07,14.3539,14.3539,13.9247,14.3538,87400
2021-01-08,15.2599,15.3553,15.2122,15.3553,94500
2021-01-11,16.4044,16.4044,15.7368,16.4044,53200
2021-01-12,16.4044,16.4044,15.2599,15.2599,14100
2021-01-13,14.2108,14.3062,14.2108,14.3062,119900
2021-01-14,14.2108,14.7354,14.2108,14.7353,18900
2021-01-15,14.783,14.8307,13.8292,13.9247,21700
2021-01-18,13.9247,14.3062,13.8293,13.8293,42300
2021-01-19,12.8756,13.6386,12.8756,13.0186,54900
2021-01-20,13.0186,13.0186,12.1125,12.494000000000002,15900
2021-01-21,13.257,13.3524,13.1616,13.3524,31600
2021-01-22,14.2585,14.2585,13.3524,13.5908,19200
2021-01-25,13.5908,13.7339,13.5908,13.5908,4700
2021-01-26,13.5431,13.5908,12.6847,12.6848,13700
2021-01-27,12.6848,12.6848,11.8264,11.8741,41000
2021-01-28,12.6848,12.6848,11.2065,12.6848,83900
2021-01-29,13.5432,13.5432,13.5432,13.5432,6900
2021-02-01,14.4493,14.4493,14.4492,14.4492,81800
2021-02-02,15.4506,15.4506,15.4506,15.4506,82100
2021-02-03,16.4997,16.4998,16.4997,16.4998,45700
2021-02-04,17.6443,17.6443,15.3553,15.3553,245400
2021-02-05,14.3062,14.3062,14.3062,14.3062,21100
2021-02-08,14.3062,15.3076,13.3525,15.3076,89700
2021-02-09,14.783,16.1183,14.783,14.783,83800
2021-02-17,15.2599,15.2599,14.3061,15.2599,46900
2021-02-18,14.2108,14.783,14.2108,14.2108,77300
2021-02-19,13.877,14.1154,13.6386,13.877,78500
2021-02-22,13.877,14.2108,13.877,14.1154,14800
2021-02-23,14.1154,14.1154,13.4478,13.9247,34600
2021-02-24,13.9247,13.9247,13.4478,13.7339,27100
2021-02-25,13.114,13.7339,13.114,13.3524,31600
2021-02-26,12.9232,13.3524,12.9232,13.257,13300
2021-03-01,13.257,13.4477,12.9709,13.257,17900
2021-03-02,13.3047,13.3524,13.1616,13.3524,30400
2021-03-03,13.4478,13.4955,13.3524,13.4478,17600
2021-03-04,14.3062,14.3062,13.7816,13.7816,37700
2021-03-05,13.257,13.5432,13.257,13.3524,23500
2021-03-08,13.5431,13.5431,12.9709,13.3524,19700
2021-03-09,13.3524,13.3524,12.9709,13.257,33700
2021-03-10,13.257,13.6385,13.257,13.5432,28500
2021-03-11,13.5432,13.5432,13.4478,13.5432,12800
2021-03-12,13.5432,13.5432,13.2571,13.3524,18900
2021-03-15,13.3524,13.4478,13.257,13.4001,25300
2021-03-16,13.3524,13.5432,13.0663,13.5432,20000
2021-03-17,13.5432,13.6386,13.3524,13.3524,16100
2021-03-18,13.5431,13.6385,13.3524,13.3524,22300
2021-03-19,13.257,13.3524,13.257,13.3524,19000
2021-03-22,13.3524,13.3524,13.257,13.257,15500
2021-03-23,13.1616,13.7339,13.1616,13.3524,36000
2021-03-24,13.3524,13.7339,13.3524,13.5432,13400
2021-03-25,13.5432,13.5909,13.3525,13.5432,27300
2021-03-26,14.4493,14.4493,14.4016,14.4492,193000
2021-03-29,14.783,14.783,13.8293,13.8293,28200
2021-03-30,13.9247,13.9724,13.5432,13.8293,28400
2021-03-31,13.8293,13.8293,13.2571,13.4478,56400
2021-04-01,13.2571,14.3539,13.2571,14.3062,20000
2021-04-02,14.1155,14.3062,13.4478,14.2585,27200
2021-04-05,13.7339,14.2108,13.4478,13.5432,73000
2021-04-06,13.6386,14.2108,13.6386,14.1631,58900
2021-04-07,14.1154,14.1154,13.9247,13.9247,23300
2021-04-08,13.9247,13.9247,13.6386,13.9247,5300
2021-04-09,13.9247,13.9247,13.5432,13.8293,13800
2021-04-12,14.2108,14.2108,13.877,13.9723,56600
2021-04-13,13.9723,13.9723,13.6862,13.8293,15800
2021-04-14,13.8293,14.4015,13.4001,13.877,30100
2021-04-15,13.7816,13.9247,13.6863,13.7339,15600
2021-04-16,13.7339,13.7339,13.4478,13.4478,15700
2021-04-19,13.4478,13.5909,13.4478,13.5908,9200
2021-04-20,13.5908,13.9246,13.4477,13.7339,12200
2021-04-22,13.6385,13.8293,13.4478,13.4955,27400
2021-04-23,12.8756,13.6862,12.6848,13.5432,6500
2021-04-26,14.1154,14.4493,13.7339,14.4492,157800
2021-04-27,15.4506,15.4506,15.4506,15.4506,53400
2021-04-28,16.4997,16.4997,14.9737,15.1645,136500
2021-04-29,14.1154,16.1659,14.1154,15.6414,77500
2021-05-04,16.6905,16.6905,16.6905,16.6905,94300
2021-05-05,17.835,17.835,15.546,16.0229,112600
2021-05-06,16.4044,16.6905,15.2599,16.4044,42600
2021-05-07,17.1674,17.1674,15.7368,17.1674,78500
2021-05-10,17.1674,18.1211,17.072,18.1211,156100
2021-05-11,17.072,18.1211,16.8812,16.8813,81000
2021-05-12,16.0229,16.6906,15.7368,15.8321,100100
2021-05-13,15.7367,15.7367,14.783,14.783,107900
2021-05-14,14.783,15.4506,14.1154,15.3553,69500
2021-05-17,15.3553,16.0229,15.0692,15.3076,22300
2021-05-18,14.9738,16.0229,14.783,15.5937,62600
2021-05-19,15.2599,15.2599,14.783,15.2599,36400
2021-05-20,15.2599,15.3553,14.4492,15.2599,39200
2021-05-21,14.6877,15.1645,14.6877,14.9738,31300
2021-05-24,15.4507,15.4507,14.9738,15.0215,29800
2021-05-25,14.9738,15.2122,14.9738,15.0691,28400
2021-05-26,15.6413,15.6413,15.0691,15.1168,49400
2021-05-27,15.1645,15.7368,14.783,15.7368,49600
2021-05-28,16.0706,16.0706,15.2599,15.4983,30800
2021-05-31,15.6414,15.6414,15.0691,15.5937,74900
2021-06-01,15.6414,15.6891,15.0691,15.6414,21000
2021-06-02,15.546,15.546,15.0692,15.2599,43500
2021-06-03,15.2599,15.402999999999999,14.9738,15.3076,82600
2021-06-04,15.3076,15.3553,14.8784,15.2599,15700
2021-06-07,15.2599,15.2599,14.9738,15.2599,65600
2021-06-08,15.2599,15.2599,14.8784,14.8784,52100
2021-06-09,14.8784,15.2599,14.783,15.2599,59300
2021-06-10,15.2599,15.2599,14.8307,14.8784,35000
2021-06-11,15.2599,15.3553,14.9261,15.3076,19400
2021-06-14,15.2599,15.7368,15.2599,15.7368,26700
2021-06-15,15.7368,15.7368,15.2599,15.4506,10300
2021-06-16,15.2599,15.6413,15.0691,15.4506,6600
2021-06-17,15.2599,15.7367,15.2599,15.2599,15100
2021-06-18,15.2599,15.4506,15.2599,15.4506,4100
2021-06-21,15.45,16.2,15.1,15.6,9800
2021-06-22,15.6,16.2,15.6,15.8,4300
2021-06-23,16.1,16.1,15.2,15.6,9900
2021-06-24,15.6,15.6,15.2,15.5,16100
2021-06-25,15.45,15.5,15.2,15.4,28200
2021-06-28,15.4,15.5,14.9,15.45,7400
2021-06-29,15.45,15.5,15.35,15.45,28500
2021-06-30,14.8,15.6,14.8,15.4,8200
2021-07-01,15.4,15.4,15.05,15.3,3500
2021-07-02,15.3,15.3,14.25,15.3,17000
2021-07-05,15.3,16.35,15.15,15.3,7600
2021-07-06,15.3,15.8,15.0,15.8,6500
2021-07-07,15.5,15.6,15.2,15.2,20600
2021-07-08,15.3,15.4,15.0,15.35,11700
2021-07-09,15.2,15.35,14.3,15.35,16700
2021-07-12,15.35,15.35,15.35,15.35,600
2021-07-13,14.5,15.5,14.5,15.3,11300
2021-07-14,15.3,15.3,14.4,15.0,12400
2021-07-15,14.2,14.2,14.2,14.2,0
